Gamma300_meV,delta_xx_meV,config,g2_q,g2_p,t_x,eps,rho2
3.0,1.0,slit,nan,0.9484825442656895,0.4683852865300461,1.0195597833786731,0.23475862458507643
3.0,1.5,slit,0.8224365474750085,0.9245511363968962,0.4683852865300461,0.8227594432553276,0.23475862458507643
3.0,2.0,slit,0.8097684000143444,0.8942396778343759,0.4683852865300461,0.6135302135249618,0.23475862458507643
3.0,2.5,slit,0.7982740740533238,0.8643309372575287,0.4683852865300461,0.4387526511990319,0.23475862458507643
3.0,3.0,slit,0.7893743036211915,0.8395762714848087,0.4683852865300461,0.3119906441757418,0.23475862458507643
3.0,3.5,slit,0.7829641395091043,0.8208694682903823,0.4683852865300461,0.22485200231099253,0.23475862458507643
3.0,4.0,slit,0.7785850896019875,0.8076624878457908,0.4683852865300461,0.1671841614434274,0.23475862458507643
3.0,4.5,slit,0.7755605891344972,0.7983361666044364,0.4683852865300461,0.12819251767027934,0.23475862458507643
3.0,5.0,slit,0.7734356817143452,0.7916831610202183,0.4683852865300461,0.10119415781530833,0.23475862458507643
3.0,5.5,slit,0.7718907638068839,0.7867936653391508,0.4683852865300461,0.08176524302515868,0.23475862458507643
3.0,6.0,slit,0.7707587787689628,0.7831829412029683,0.4683852865300461,0.06763465036242522,0.23475862458507643
3.0,6.5,slit,0.7698970298287547,0.7804182124380425,0.4683852865300461,0.05693638082279089,0.23475862458507643
3.0,7.0,slit,0.7692254456587034,0.7782539848827417,0.4683852865300461,0.048633946662041266,0.23475862458507643
3.0,7.5,slit,0.7686950230847984,0.7765387073519794,0.4683852865300461,0.042098144197083756,0.23475862458507643
3.0,8.0,slit,0.7682554030875144,0.7751130797015882,0.4683852865300461,0.03669551796107028,0.23475862458507643
3.0,1.0,cav,0.2892756396074916,0.7263227202306646,0.4198418820487719,0.889191343504857,0.9601528035589278
3.0,1.5,cav,0.24344343162121307,0.6202177017595527,0.4198418820487719,0.6980119592949429,0.9601528035589278
3.0,2.0,cav,0.19557382928396294,0.4999468726572688,0.4198418820487719,0.5138059925844934,0.9601528035589278
3.0,2.5,cav,0.15456581418220472,0.389130850131726,0.4198418820487719,0.36690518015062856,0.9601528035589278
3.0,3.0,cav,0.12371982526574987,0.3009671427449597,0.4198418820487719,0.26229189583136014,0.9601528035589278
3.0,3.5,cav,0.10185609247869842,0.23594068201822038,0.4198418820487719,0.19094212535101437,0.9601528035589278
3.0,4.0,cav,0.08688822642624516,0.1901971277087292,0.4198418820487719,0.14335596480547602,0.9601528035589278
3.0,4.5,cav,0.0765118566741706,0.15789581960312216,0.4198418820487719,0.11094355209777397,0.9601528035589278
3.0,5.0,cav,0.06917165191440411,0.13475258220727715,0.4198418820487719,0.08829217334916796,0.9601528035589278
3.0,5.5,cav,0.06381757399087262,0.1177174892098043,0.4198418820487719,0.07191180730074666,0.9601528035589278
3.0,6.0,cav,0.05984012985664888,0.1049780815082062,0.4198418820487719,0.05981957278632594,0.9601528035589278
3.0,6.5,cav,0.056790722196534804,0.09516228005907879,0.4198418820487719,0.05059242454525633,0.9601528035589278
3.0,7.0,cav,0.05439948075901979,0.08743537338701435,0.4198418820487719,0.043383113855203416,0.9601528035589278
3.0,7.5,cav,0.05250346445244669,0.08129012949589176,0.4198418820487719,0.037683182964513465,0.9601528035589278
3.0,8.0,cav,0.0509306130321765,0.07617982399402867,0.4198418820487719,0.03296568222262082,0.9601528035589278
5.0,1.0,slit,nan,0.9607682229331581,0.48726330495075504,1.1351573268588568,0.23475862458507643
5.0,1.5,slit,nan,0.9520001725328794,0.48726330495075504,1.0515054784258964,0.23475862458507643
5.0,2.0,slit,0.8288487548578336,0.9388452321452824,0.48726330495075504,0.9362690750563805,0.23475862458507643
5.0,2.5,slit,0.8212281413547466,0.9217786751617315,0.48726330495075504,0.8019710701199988,0.23475862458507643
5.0,3.0,slit,0.812849281070579,0.9018657629850737,0.48726330495075504,0.6627098793223771,0.23475862458507643
5.0,3.5,slit,0.8046884357558323,0.8813058160727085,0.48726330495075504,0.5346514867274265,0.23475862458507643
5.0,4.0,slit,0.7974707213120219,0.8621540291379419,0.48726330495075504,0.42701850812711956,0.23475862458507643
5.0,4.5,slit,0.7914346799258205,0.8454324610817903,0.48726330495075504,0.34071988173939793,0.23475862458507643
5.0,5.0,slit,0.786695462264449,0.8318485710569204,0.48726330495075504,0.2751694578936892,0.23475862458507643
5.0,5.5,slit,0.7829821622931035,0.8209231037470999,0.48726330495075504,0.22509239157184263,0.23475862458507643
5.0,6.0,slit,0.7800871474929016,0.8122319712555959,0.48726330495075504,0.1868004161750959,0.23475862458507643
5.0,6.5,slit,0.7777919317365198,0.8052329434431817,0.48726330495075504,0.15689381414102363,0.23475862458507643
5.0,7.0,slit,0.7760031832004914,0.7997114383753059,0.48726330495075504,0.13385669756241741,0.23475862458507643
5.0,7.5,slit,0.774563746048553,0.7952254636222693,0.48726330495075504,0.11548686510420535,0.23475862458507643
5.0,8.0,slit,0.773393940871338,0.7915516368406295,0.48726330495075504,0.10066702443880493,0.23475862458507643
5.0,1.0,cav,nan,0.7958500133094918,0.3884834099122725,1.0304354344740605,0.95263048487234
5.0,1.5,cav,0.3004813803529136,0.7409109795931047,0.3884834099122725,0.9140198865488536,0.95263048487234
5.0,2.0,cav,0.27045592588183176,0.6730927444476312,0.3884834099122725,0.7847173499687805,0.95263048487234
5.0,2.5,cav,0.2385068752973879,0.5967473237258799,0.3884834099122725,0.6545681295151679,0.95263048487234
5.0,3.0,cav,0.2070362492511003,0.5172969298380546,0.3884834099122725,0.5331243615643019,0.95263048487234
5.0,3.5,cav,0.1785507153595095,0.4417117653418168,0.3884834099122725,0.4284452543539695,0.95263048487234
5.0,4.0,cav,0.15445874671621573,0.37503309749861735,0.3884834099122725,0.34348447141991095,0.95263048487234
5.0,4.5,cav,0.13487715584473237,0.31896080392933646,0.3884834099122725,0.27667791935674246,0.95263048487234
5.0,5.0,cav,0.1195813215932755,0.2739793803687517,0.3884834099122725,0.2258196335869087,0.95263048487234
5.0,5.5,cav,0.10760376846491015,0.23802722918863395,0.3884834099122725,0.18677254117076478,0.95263048487234
5.0,6.0,cav,0.09822180747499532,0.20941608413622204,0.3884834099122725,0.15664885472421275,0.95263048487234
5.0,6.5,cav,0.09076235910357533,0.18638429225480713,0.3884834099122725,0.13298011625368503,0.95263048487234
5.0,7.0,cav,0.08486368136571965,0.16799298353787584,0.3884834099122725,0.11443713526807897,0.95263048487234
5.0,7.5,cav,0.08007161250388106,0.1529354647908665,0.3884834099122725,0.0994838756818446,0.95263048487234
5.0,8.0,cav,0.07614270687398983,0.140512048546106,0.3884834099122725,0.08729735548168131,0.95263048487234
6.6,1.0,slit,nan,0.9637282777863339,0.4928765127789202,1.1648061226513866,0.23475862458507643
6.6,1.5,slit,nan,0.958872460796392,0.4928765127789202,1.1165564460934898,0.23475862458507643
6.6,2.0,slit,nan,0.9517122969299258,0.4928765127789202,1.0488580208418647,0.23475862458507643
6.6,2.5,slit,0.8302855622233635,0.9419519688961916,0.4928765127789202,0.9624750217453865,0.23475862458507643
6.6,3.0,slit,0.8245944645690497,0.9294399497797751,0.4928765127789202,0.8603483541085784,0.23475862458507643
6.6,3.5,slit,0.8182572007751883,0.9148560536146373,0.4928765127789202,0.7516347850018962,0.23475862458507643
6.6,4.0,slit,0.8116704487338625,0.898967191374402,0.4928765127789202,0.6437690715597861,0.23475862458507643
6.6,4.5,slit,0.8052926437913879,0.8828676879901423,0.4928765127789202,0.5438935881597696,0.23475862458507643
6.6,5.0,slit,0.7994312969497268,0.8674467728853308,0.4928765127789202,0.4557614714817449,0.23475862458507643
6.6,5.5,slit,0.7943958359284936,0.8537164474967133,0.4928765127789202,0.38265077911097695,0.23475862458507643
6.6,6.0,slit,0.7901478224135394,0.8417837289307338,0.4928765127789202,0.3227341048225523,0.23475862458507643
6.6,6.5,slit,0.7866289712921019,0.8316551242676857,0.4928765127789202,0.2742630336688529,0.23475862458507643
6.6,7.0,slit,0.7836938346866515,0.8230363235200036,0.4928765127789202,0.23460507231401276,0.23475862458507643
6.6,7.5,slit,0.7813069297249856,0.8159124579629716,0.4928765127789202,0.20285580357965,0.23475862458507643
6.6,8.0,slit,0.7793332566332146,0.8099436731995013,0.4928765127789202,0.17693373834807805,0.23475862458507643
6.6,1.0,cav,nan,0.8214458195155641,0.3586555478038654,1.0864104385460902,0.9469638780580725
6.6,1.5,cav,0.3230004236673739,0.7820453466726348,0.3586555478038654,0.9972443523112527,0.9469638780580725
6.6,2.0,cav,0.30100812000096067,0.7344451610741278,0.3586555478038654,0.8978884436903847,0.9469638780580725
6.6,2.5,cav,0.2768686006243869,0.6798418037664038,0.3586555478038654,0.7934709124948434,0.9469638780580725
6.6,3.0,cav,0.2515820430998088,0.6199895632299315,0.3586555478038654,0.6888784811449922,0.9469638780580725
6.6,3.5,cav,0.22654139629752035,0.5580274240022813,0.3586555478038654,0.5897406074550865,0.9469638780580725
6.6,4.0,cav,0.2028568204750133,0.4969376925426815,0.3586555478038654,0.49972170669625254,0.9469638780580725
6.6,4.5,cav,0.1814131115693104,0.43952856894408165,0.3586555478038654,0.42114238646611163,0.9469638780580725
6.6,5.0,cav,0.16265438124587994,0.387657961033108,0.3586555478038654,0.35453749575694643,0.9469638780580725
6.6,5.5,cav,0.14686098943842707,0.3427836267355735,0.3586555478038654,0.29992412577167427,0.9469638780580725
6.6,6.0,cav,0.13370988473117051,0.30457140435887997,0.3586555478038654,0.25542268107839916,0.9469638780580725
6.6,6.5,cav,0.12285881492660888,0.2724600103883874,0.3586555478038654,0.2193469204728496,0.9469638780580725
6.6,7.0,cav,0.11383885365622837,0.2453645089926797,0.3586555478038654,0.18978798127697583,0.9469638780580725
6.6,7.5,cav,0.10641457430394985,0.22278665019066357,0.3586555478038654,0.16574330299398635,0.9469638780580725
6.6,8.0,cav,0.10022849109458243,0.2037833620023134,0.3586555478038654,0.14590139390059306,0.9469638780580725
8.0,1.0,slit,nan,0.9650392901171544,0.49506724371594824,1.1781818327944014,0.23475862458507643
8.0,1.5,slit,nan,0.9618502553021517,0.49506724371594824,1.1459082706397294,0.23475862458507643
8.0,2.0,slit,nan,0.957137383216121,0.49506724371594824,1.0997878308255826,0.23475862458507643
8.0,2.5,slit,nan,0.9507477781628311,0.49506724371594824,1.0400312803677334,0.23475862458507643
8.0,3.0,slit,0.8305566613244755,0.942534208197172,0.49506724371594824,0.9674525509132231,0.23475862458507643
8.0,3.5,slit,0.8259020471107728,0.9323635979442908,0.49506724371594824,0.883422423252872,0.23475862458507643
8.0,4.0,slit,0.8207255177268127,0.9206181379393654,0.49506724371594824,0.7933785372942705,0.23475862458507643
8.0,4.5,slit,0.815233661896229,0.9076553007403158,0.49506724371594824,0.7014992239384419,0.23475862458507643
8.0,5.0,slit,0.8097205824399298,0.8941200208805826,0.49506724371594824,0.6127750642605448,0.23475862458507643
8.0,5.5,slit,0.8044016243907431,0.8805621827560532,0.49506724371594824,0.530277259768343,0.23475862458507643
8.0,6.0,slit,0.7995912268840608,0.867875532875468,0.49506724371594824,0.458122031247585,0.23475862458507643
8.0,6.5,slit,0.7953171410572105,0.8562620904959514,0.49506724371594824,0.3958546587172004,0.23475862458507643
8.0,7.0,slit,0.791605100289793,0.8459134524600112,0.49506724371594824,0.34311239337941296,0.23475862458507643
8.0,7.5,slit,0.7883896662012405,0.8367508332375562,0.49506724371594824,0.2983875538852472,0.23475862458507643
8.0,8.0,slit,0.7856893232758346,0.8289128315764007,0.49506724371594824,0.2614918227010741,0.23475862458507643
8.0,1.0,cav,nan,0.8369998361341381,0.33298396599744323,1.1215919840668334,0.9422414745897112
8.0,1.5,cav,nan,0.8055812441040132,0.33298396599744323,1.047466630703807,0.9422414745897112
8.0,2.0,cav,0.31916739209908873,0.7677533197621232,0.33298396599744323,0.9640455393506323,0.9422414745897112
8.0,2.5,cav,0.299427932331398,0.724514625697243,0.33298396599744323,0.8754743700252761,0.9422414745897112
8.0,3.0,cav,0.2785398336038831,0.676954554259324,0.33298396599744323,0.7852586938529785,0.9422414745897112
8.0,3.5,cav,0.2571212599750681,0.6262519618568894,0.33298396599744323,0.6962354180170244,0.9422414745897112
8.0,4.0,cav,0.23596164242844886,0.5742292445491056,0.33298396599744323,0.611511298278717,0.9422414745897112
8.0,4.5,cav,0.21568157172396463,0.5225548105876834,0.33298396599744323,0.5331151415965651,0.9422414745897112
8.0,5.0,cav,0.1968506781965359,0.47297233287740903,0.33298396599744323,0.4626280905268551,0.9422414745897112
8.0,5.5,cav,0.17978482138260043,0.4266964929859727,0.33298396599744323,0.40055912227555807,0.9422414745897112
8.0,6.0,cav,0.16482832968557315,0.3850848760650887,0.33298396599744323,0.3475077584444363,0.9422414745897112
8.0,6.5,cav,0.15185342307460348,0.34818240012778934,0.33298396599744323,0.30245968467103757,0.9422414745897112
8.0,7.0,cav,0.140727640486207,0.3159406543136376,0.33298396599744323,0.26452621307286933,0.9422414745897112
8.0,7.5,cav,0.13119341051904787,0.2878691190104895,0.33298396599744323,0.23251348679470576,0.9422414745897112
8.0,8.0,cav,0.12312460714598294,0.26379198974871365,0.33298396599744323,0.20576824577837213,0.9422414745897112
10.0,1.0,slit,nan,0.9660783594460844,0.49676117336035674,1.1888928443472877,0.23475862458507643
10.0,1.5,slit,nan,0.9640848525515158,0.49676117336035674,1.1684289773167897,0.23475862458507643
10.0,2.0,slit,nan,0.9611470745385755,0.49676117336035674,1.1389103100452083,0.23475862458507643
10.0,2.5,slit,nan,0.9572654806386667,0.49676117336035674,1.1010176318045974,0.23475862458507643
10.0,3.0,slit,nan,0.9523085023075293,0.49676117336035674,1.0543477155063523,0.23475862458507643
10.0,3.5,slit,0.8322539914632869,0.9461511073101425,0.49676117336035674,0.9988583146415899,0.23475862458507643
10.0,4.0,slit,0.8287674076822755,0.9386682868281638,0.49676117336035674,0.9347940936752169,0.23475862458507643
10.0,4.5,slit,0.824871890411852,0.9300626916593155,0.49676117336035674,0.8652249473217759,0.23475862458507643
10.0,5.0,slit,0.8206343279426024,0.920407120755524,0.49676117336035674,0.7918229970357306,0.23475862458507643
10.0,5.5,slit,0.816182733225437,0.909932501269182,0.49676117336035674,0.7171205845742693,0.23475862458507643
10.0,6.0,slit,0.8116849580227221,0.8990030134744821,0.49676117336035674,0.6440012619847779,0.23475862458507643
10.0,6.5,slit,0.8072504990714706,0.8878850371760619,0.49676117336035674,0.574097719324217,0.23475862458507643
10.0,7.0,slit,0.8031072752804942,0.8771883776809951,0.49676117336035674,0.5106392419014627,0.23475862458507643
10.0,7.5,slit,0.7992816817085222,0.8670452586013033,0.49676117336035674,0.45355534500573946,0.23475862458507643
10.0,8.0,slit,0.7958213166935623,0.8576488057795805,0.49676117336035674,0.40311263603938474,0.23475862458507643
10.0,1.0,cav,nan,0.8535747265024938,0.29965378348336213,1.1601566027792054,0.9358478155837503
10.0,1.5,cav,nan,0.8294176868130008,0.29965378348336213,1.1004772261674034,0.9358478155837503
10.0,2.0,cav,nan,0.8004122101652321,0.29965378348336213,1.0326278520440624,0.9358478155837503
10.0,2.5,cav,0.3228449765249133,0.7673028534043955,0.29965378348336213,0.9597113899370969,0.9358478155837503
10.0,3.0,cav,0.30615044337960984,0.7307706665264397,0.29965378348336213,0.8842188282102676,0.9358478155837503
10.0,3.5,cav,0.2887783958888619,0.6914887472524628,0.29965378348336213,0.8081621797049866,0.9358478155837503
10.0,4.0,cav,0.27109433537475336,0.6501701391076353,0.29965378348336213,0.733201214137091,0.9358478155837503
10.0,4.5,cav,0.25356269469782833,0.6078769209687964,0.29965378348336213,0.6611932759233887,0.9358478155837503
10.0,5.0,cav,0.2365016135857766,0.5654409078119622,0.29965378348336213,0.5931976899515399,0.9358478155837503
10.0,5.5,cav,0.22020273241110477,0.5237172110539361,0.29965378348336213,0.5300522397861435,0.9358478155837503
10.0,6.0,cav,0.2049405559720885,0.4835930582992506,0.29965378348336213,0.47244805301731685,0.9358478155837503
10.0,6.5,cav,0.19084948158552595,0.44563717936280967,0.29965378348336213,0.4205128337256052,0.9358478155837503
10.0,7.0,cav,0.17814445502066734,0.4106610369241134,0.29965378348336213,0.3746711958976433,0.9358478155837503
10.0,7.5,cav,0.1667668242579795,0.37872916070106233,0.29965378348336213,0.33438232134489304,0.9358478155837503
10.0,8.0,cav,0.15667502964474955,0.3499212304081525,0.29965378348336213,0.2992304706030996,0.9358478155837503
