mu,f_eps=0.01,f_eps=0.1,f_eps=0.3
0.01,1.0032331636103473,1.0023324106132874,1.0003350754043492
0.010413289435570346,1.003366779069457,1.0024287666977845,1.0003489983359712
0.010843659686896103,1.0035059160176494,1.0025291016815285,1.0003635029528846
0.011291816686047524,1.003650802586644,1.0026335797172032,1.000378613818656
0.01175849554052157,1.0038016763307096,1.002742371717134,1.00039435655599
0.012244461739031428,1.0039587846190479,1.0028556556340653,1.0004107578976627
0.012750512407130129,1.0041223850322172,1.0029736167412735,1.0004278457278346
0.013277477614727686,1.0042927457926785,1.0030964479418092,1.000445649143061
0.013826221737646556,1.0044701461945396,1.0032243500718347,1.0004641984978058
0.014397644875448803,1.0046548770684214,1.0033575322336519,1.0004835254695115
0.014992684327860457,1.0048472412529006,1.00349621212972,1.0005036631143247
0.015612316132215046,1.0050475540913582,1.0036406164162044,1.0005246459315391
0.01625755666443794,1.0052561439442533,1.0037909810658447,1.0005465099262274
0.01692946430619779,1.0054733527307433,1.0039475517537557,1.0005692926832013
0.01762914118095948,1.005699536485738,1.0041105842520162,1.0005930334378288
0.01835773496178635,1.0059350659383794,1.0042803448387265,1.000617773148955
0.019116440753857017,1.0061803271226073,1.0044571107318594,1.0006435545837529
0.01990650305478458,1.0064357220035856,1.0046411705314129,1.0006704223976846
0.02072921779595371,1.006701669136623,1.0048328246861085,1.000698423225269
0.02158593446822417,1.0069786043488242,1.0050323859745653,1.000727605771197
0.02247805833548725,1.007266981450996,1.0052401800080786,1.000758020908403
0.02340705273970635,1.0075672729771763,1.005456545752,1.000789721779651
0.024374441501222206,1.0078799709546413,1.005681836068176,1.0008227639045766
0.025381811418260458,1.0082055877070064,1.0059164182806237,1.0008572052938587
0.026430814869741057,1.0085446566880774,1.006160674761684,1.0008931065672904
0.027523172525659015,1.0088977333510414,1.0064150035427666,1.00093053107931
0.0286606761694825,1.0092653960512983,1.006679818947519,1.0009695450493425
0.029845191637197507,1.0096482469880543,1.0069555522520275,1.0010102177009885
0.03107866187782014,1.0100469131837084,1.0072426523705609,1.0010526214080662
0.03236311014039673,1.0104620475012795,1.0075415865665645,1.0010968318466897
0.03370064329271928,1.0108943297055086,1.0078528411939442,1.0011429281578452
0.03509345527719985,1.0113444675656658,1.0081769224660897,1.0011909931174037
0.03654383070957257,1.0118131980020575,1.0085143572539979,1.0012411133144055
0.03805414862632631,1.0123012882807774,1.0088656939173746,1.0012933793409033
0.03962688638701478,1.0128095372549568,1.0092315031662993,1.001347885990482
0.04126462373784474,1.0133387766568271,1.0096123789570388,1.0014047324684618
0.04297004704320839,1.0138898724404435,1.0100089394211182,1.0014640226124303
0.0447459536921003,1.0144637261796168,1.0104218278314032,1.0015258651262966
0.046595256686646824,1.0150612765201126,1.0108517136034518,1.0015903738257004
0.04852098942027479,1.0156835006911409,1.0112992933362879,1.0016576678984044
0.0505263106533568,1.0163314160751384,1.01176529189074,1.0017278721774265
0.052614509694494604,1.0170060818408682,1.0122504635094103,1.0018011174305217
0.054789011795939424,1.0177086006403562,1.0127555929778516,1.0018775406652278
0.057053383771999505,1.0184401203723907,1.0132814968286725,1.00195728545086
0.05941133984965034,1.0192018360147652,1.0138290245896941,1.0020405022582757
0.06186674776094437,1.0199949915284001,1.0143990600782211,1.002127348819217
0.0644236350872137,1.0208208818341638,1.0149925227411145,1.0022179905047675
0.06708619586547218,1.0216808548666383,1.0156103690437392,1.0023126007258416
0.0698587974678525,1.0225763137059818,1.0162535939077317,1.0024113613556347
0.07274598776536367,1.0235087187906804,1.016923232199124,1.0025144631756246
0.07575250258771912,1.0244795902143422,1.0176203602686755,1.002622106347085
0.07888327349147113,1.0254905101077356,1.0183460975442922,1.0027345009082902
0.08214343584919426,1.026543125109836,1.0191016081779032,1.0028518673001205
0.0855383372729865,1.0276391489291667,1.0198881027466893,1.0029744369204983
0.0890735463861044,1.0287803649987493,1.0207068400105122,1.0031024527101582
0.09275486195712065,1.02996862922617,1.0215591287255896,1.003236169770636
0.09658832241158703,1.0312058728415574,1.0224463295156947,1.0033758560167791
0.10058021573680417,1.032494105345012,1.0233698568009102,1.0035217928650415
0.10473708979594497,1.0338354175557736,1.0243311807846733,1.0036742759597714
0.10906576306844964,1.0352319847644722,1.025331829498926,1.0038336159390235
0.11357333583431052,1.0366860699903704,1.0263733909077268,1.0040001392422546
0.11826720182059093,1.0382000273441412,1.0274575150683625,1.004174188961286
0.12315506032928256,1.0397763054975864,1.0285859163498614,1.0043561257370728
0.12824492886639474,1.0414174512602081,1.029760375707396,1.0045463287038432
0.13354515629298988,1.043126113262875,1.0309827430114227,1.0047451964829188
0.1390644365197382,1.0449050457477411,1.0322549394294511,1.0049531482280543
0.14481182276745339,1.0467571124631834,1.0335789598580414,1.0051706247243304
0.15079674241700075,1.0486852906616904,1.0349568754019478,1.0053980895425492
0.15702901247293774,1.0506926751975716,1.0363908358964529,1.005636030250807
0.16351885566624869,1.0527824827208212,1.0378830724686345,1.0058849596852826
0.17027691722258995,1.0549580559616383,1.0394359001317448,1.006145417281518
0.17731428232354832,1.0572228680993592,1.0410517204064833,1.006417970467826
0.18464249428955434,1.0595805272076957,1.0427330239614678,1.0067032161219422
0.1922735735142775,1.0620347807664297,1.0444823932639618,1.0070017820917616
0.20022003718155845,1.0645895202279545,1.046302505230684,1.0073143287808521
0.20849491979722246,1.0672487856244928,1.0481961338666625,1.0076415507987815
0.21711179456945043,1.070016770199384,1.0501661528783948,1.0079841786759245
0.22608479567277773,1.0728978250430552,1.052215538245706,1.0083429806419364
0.2354286414322418,1.0758964637106645,1.0543473707341133,1.0087187644661422
0.24515865846570425,1.0790173667949696,1.0565648383272677,1.0091123793575343
0.25529080682395167,1.0822653864236653,1.0588712385561052,1.0095247179210691
0.26584170616980873,1.0856455506455944,1.0612699806981365,1.0099567181658051
0.2768286630392065,1.0891630676651063,1.063764587816945,1.0104093655593689
0.28826969922892337,1.0928233298776568,1.0663586986079272,1.0108836951216824
0.3001835813575589,1.0966319176531636,1.0690560690120856,1.011380793549401
0.3125898516482341,1.100594602806018,1.0718605735548068,1.0119018013606138
0.3255088599835058,1.10471735168233,1.0747762063613169,1.012447915047375
0.3389617972850788,1.109006327785545,1.0778070817945766,1.013020389221284
0.352970730273065,1.1134678938511733,1.0809574346549304,1.0136205387347266
0.3675586376618058,1.1181086132697104,1.0842316198736495,1.014249740757472
0.3827494478516313,1.1229352507440367,1.0876341116247115,1.0149094367850695
0.3985680781783775,1.1279547720532395,1.0911695017704923,1.015601134551819
0.41504047578504744,1.1331743427791623,1.0948424975476794,1.0163264098170801
0.4321936601826527,1.1386013258345948,1.0986579183893914,1.0170869079891691
0.4500557675700497,1.1442432776130926,1.1026206917683645,1.0178843455461912
0.46865609698547045,1.1501079425595924,1.1067358479339438,1.0187205112077105
0.48802515836544313,1.1562032459383416,1.1110085134025045,1.0195972668051971
0.5081947225899414,1.1625372845501323,1.1154439030469496,1.0205165477927252
0.5291978735958442,1.1691183151242621,1.12004731061586,1.021480363332332
0.5510690626441895,1.1759547400822135,1.124824097496954,1.0224907958808462
0.5738441648302396,1.183055090339603,1.1297796795226394,1.0235500001967817
0.5975605379290422,1.1904280047808327,1.1349195115978483,1.024660201677147
0.6222570836730228,1.1980822060070655,1.1402490699120715,1.0258236939247345
0.6479743115621105,1.2060264719231422,1.145773831478827,1.0270428354366399
0.6747544053110693,1.2142696026930881,1.1514992507269664,1.0283200452945431
0.7026412920430313,1.2228203825576973,1.1574307328496027,1.029657797726726
0.7316807143427196,1.231687535971993,1.1635736035985562,1.0310586154010153
0.7619203052875606,1.2408796774861481,1.1699330751955914,1.032525061297055
0.7934096665797492,1.2504052547620996,1.1765142080172284,1.034059728995698
0.8262004499074292,1.2602724840910513,1.183321867698361,1.0356652312131711
0.8603464416684504,1.2704892777565047,1.190360677292576,1.0373441863983988
0.8959036511956614,1.2810631625756,1.1976349641252297,1.0390992032038724
0.9329304026284686,1.2920011889515277,1.2051487009806832,1.0409328626342877
0.9714874305813421,1.3033098297848331,1.2129054412795741,1.0428476976735048
1.011637979766207,1.3149948686258646,1.220908247927864,1.0448461701900107
1.0534479087321176,1.3270612765089875,1.2291596155592628,1.046930644924886
1.096985797892384,1.3395130769970245,1.237661385949491,1.0491033603754125
1.1423230620163465,1.3523531990877304,1.2464146564580272,1.051366396403157
1.1895340673703196,1.3655833177997807,1.255419681454201,1.0537216384190875
1.2386962536998378,1.3792036824710598,1.2646757668137287,1.0561707380315974
1.289890261253308,1.3932129330747423,1.2741811577332987,1.058715070088095
1.3432000630554153,1.4076079051967278,1.2839329203088916,1.0613556860989701
1.3987131026472386,1.4223834247292255,1.293926817562508,1.0640932641063703
1.4565204375190304,1.4375320938267264,1.3041571808857066,1.0669280551514646
1.5167168884709226,1.4530440702482235,1.3146167782002416,1.0698598266048496
1.5794011951465392,1.4689068428769034,1.3252966805182054,1.0728878027574673
1.6446761779946644,1.4851050069662552,1.336186129017093,1.076010603225531
1.7126489069246045,1.5016200435057159,1.3472724052272922,1.0792261799036593
1.7834308769319094,1.518430108019803,1.3585407074559497,1.0825317534060843
1.857138190982502,1.5355098350950624,1.3699740371331472,1.085923750165688
1.9338917504552302,1.5528301659424986,1.3815530993501868,1.0893977416124796
2.0138174534552102,1.5703582073122304,1.3932562224459917,1.0929483871227148
2.0970464013232326,1.588057131032068,1.405059302059633,1.0965693827105378
2.1837151136800044,1.6058861242790847,1.4169357755707523,1.1002534177160932
2.2739657523579275,1.6238004013356104,1.428856633252842,1.1039921420143946
2.367946354587759,1.6417512879373368,1.4407904727165284,1.107776146510827
2.4658110758226037,1.6596863892889147,1.4527036032631857,1.1115949598808104
2.5677204425975857,1.6775498522914003,1.4645602065397418,1.1154370646275833
2.6738416158399465,1.6952827313844876,1.4763225593164582,1.1192899355441663
2.7843486650614473,1.7128234655500378,1.4879513232355286,1.123140103541512
2.899422853882875,1.7301084713657682,1.4994059049410473,1.1269732475113876
3.0192529373589783,1.7470728534845905,1.510644888056536,1.130774316397731
3.1440354715915,1.7636512295388806,1.521626536004376,1.134527682926245
3.2739751361382217,1.779778661285819,1.5323093616748378,1.1382173294695483
3.409285069746811,1.7953916779536054,1.54265275650644,1.1418270652981413
3.5501872199642195,1.810429371441908,1.55261766774136,1.1453407729979503
3.6969127071950285,1.824834536590815,1.562167308634479,1.1487426801589702
3.8497022038059736,1.8385548235692637,1.571267882446982,1.1520176506200739
4.008806328898465,1.8515438640306878,1.5798892974248762,1.1551514876860463
4.174486059396594,1.8637623285725948,1.588005846972217,1.1581312399383483
4.347013158125022,1.8751788707560977,1.5955968272230618,1.1609454986909447
4.52667061957886,1.8857709129823346,1.6026470635325625,1.1635846749642706
4.7137531341167245,1.895525232268299,1.6091473183391225,1.1660412432356193
4.908567571338431,1.9044383096274988,1.6150945556034801,1.168309939330322
5.111433483440165,1.912516415328062,1.6204920416877666,1.1703879007671711
5.322683629372803,1.9197754134947471,1.6253492690181808,1.1722747397279683
5.5426645206631076,1.9262402827856655,1.629681696916651,1.1739725415715194
5.771736989793168,1.9319443643935539,1.6335103131426802,1.1754857853517144
6.010276782070382,1.936928363372433,1.636861029345136,1.1768211869261638
6.2586751719587275,1.9412391431307385,1.63976393305462,1.1779874696668633
6.51733960488242,1.944928364709994,1.6422524272677577,1.1789950721519868
6.786694365554635,1.9480510311474482,1.6443622953332893,1.1798558061411797
7.067181273927491,1.9506640020013108,1.6461307331121822,1.1805824812411
7.3592604099049765,1.9528245435327996,1.647595391814566,1.181188514638297
7.663410868007454,1.9545889760234452,1.6487934733388139,1.1816875449006974
7.9801315432257045,1.9560114716084807,1.6497609154661956,1.1820930680496478
8.309941949353396,1.9571430445596179,1.6505316972966662,1.1824181119538018
8.653383071140452,1.9580307621887314,1.6511372864886436,1.182674961810262
9.01101825166502,1.9587171896906916,1.6516062399988918,1.1828749453909313
9.383434116379496,1.9592400675734996,1.6519639599937033,1.1830282822518083
9.771241535346501,1.9596322070253767,1.652232597278957,1.1831439966618689
10.175076625242983,1.959921577621956,1.6524310867123382,1.183229890007277
10.59560179277616,1.960131553864141,1.6525752931578959,1.1832925651903052
11.033506821222625,1.9602812824915063,1.6526782429206137,1.1833374932842935
11.489510001873086,1.960386131316587,1.6527504143013587,1.1833691115148846
11.96435931223849,1.9604581821337217,1.652800061750121,1.1833909414790849
12.458833642950081,1.9605067344870708,1.6528335506895075,1.1834057172490202
12.973744075366042,1.960538792996704,1.6528556839298731,1.1834155144241436
13.509935211980265,1.9605595177459303,1.6528700051510465,1.183421873043621
14.068286561815398,1.9605726241751085,1.6528790696513556,1.18342590929686
14.649713983072864,1.9605807253728131,1.6528846770075272,1.1834284129497095
15.255171185405974,1.960585615139696,1.6528880641096138,1.1834299291617083
15.885651294280526,1.9605884944506866,1.6528900600279244,1.1834308247916776
16.54218847998859,1.9605901468702522,1.6528912062596106,1.1834313403229602
17.225859653987857,1.9605910701535636,1.6528918471293248,1.1834316291882752
17.93778623534893,1.9605915718778621,1.6528921956016254,1.1834317865817363
18.67913599020783,1.960591836742295,1.6528923796710537,1.1834318698818895
19.45112494724129,1.9605919724182508,1.6528924740126283,1.1834319126548074
20.255019392306664,1.960592039773891,1.6528925208728606,1.1834319339376909
21.09213794551796,1.960592072139653,1.6528925434015178,1.1834319441867216
21.96385372416547,1.9605920871733051,1.6528925538709296,1.183431948957122
22.871596595026457,1.9605920939141135,1.6528925585673628,1.1834319511002658
23.81685551976158,1.9605920968275492,1.652892560598085,1.1834319520282741
24.80118099724387,1.9605920980395315,1.6528925614432106,1.183431952415007
25.826187606826746,1.9605920985240488,1.6528925617812018,1.1834319525698722
26.89355665672269,1.9605920987098904,1.6528925619108907,1.183431952629368
28.00503894183631,1.9605920987781658,1.6528925619585533,1.1834319526512591
29.162457615576034,1.960592098802148,1.6528925619753005,1.1834319526589598
30.367711180354576,1.9605920988101888,1.6528925619809172,1.1834319526615453
31.622776601683793,1.9605920988127554,1.6528925619827113,1.1834319526623713
