diameter_um,dTj_K_10.0uA_lo,dTj_K_10.0uA_hi,dTj_K_50.0uA_lo,dTj_K_50.0uA_hi,dTj_K_200.0uA_lo,dTj_K_200.0uA_hi
0.3,5.359791741200667,27.948514741158178,28.79814670106782,194.14929834781583,151.23220049433644,inf
0.34576271186440677,4.034915580337184,20.627910938433175,21.30857593015024,132.58935880707085,104.90678497772313,1165.2221425931493
0.39152542372881355,3.1509381067991598,15.879649122514223,16.447758678712717,96.73936337750894,77.48807094731436,746.9563044963741
0.43728813559322033,2.5311922679084233,12.616903155547462,13.104541352949866,73.97296576453073,59.83710383176151,513.7914092804979
0.4830508474576271,2.0795854704820727,10.274647599553703,10.701766797307926,58.563517171115706,47.75582544823119,373.38309958229115
0.5288135593220339,1.740140120722927,8.534383344982828,8.914242159133863,47.61651737398083,39.094098539364865,283.33091568309686
0.5745762711864406,1.4784239862492967,7.204995088303775,7.546864416280812,39.54034684345689,32.65500729913134,222.4949150252832
0.6203389830508474,1.2722990427961207,6.165935047983723,6.476560983930312,33.399430147547605,27.72731302157419,179.5884331497332
0.6661016949152543,1.1070000417169013,5.338011650424676,5.622463858972409,28.613402788665297,23.865608494148688,148.22320367186933
0.711864406779661,0.9723674173861099,4.6674052902676095,4.9295953322384065,24.806024899521546,20.7787775112228,124.59656420428792
0.7576271186440677,0.8612233289613442,4.116473681395206,4.35948649514053,21.72427019361494,18.269619181083897,106.34349982624542
0.8033898305084746,0.7683783455529181,3.6582313931279344,3.884545238719795,19.192597773984062,16.200481232403376,91.93582695981476
0.8491525423728814,0.6900043433139729,3.272917119188179,3.4845551746893477,17.085964560392725,14.472785772975527,80.35258801916046
0.8949152542372882,0.6232268046453271,2.945781798017279,3.1444178913471887,15.313248287435272,13.014331886092378,70.89138217794925
0.9406779661016949,0.5658529162168975,2.66563557818624,2.85267125562369,13.806689508041813,11.771213908588095,63.05630418306032
0.9864406779661017,0.5161860887874496,2.4238619392726264,2.600483092131313,12.51502229233968,10.702489120278017,56.48921433004364
1.0322033898305085,0.47289685089212696,2.213737376618397,2.3809567578872475,11.398849151033062,9.776585479358246,50.92611691931275
1.0779661016949154,0.4349312285541487,2.0299524117548344,2.188642083667972,10.427470689533408,8.968824927903029,46.168926165409175
1.123728813559322,0.40144526172362305,1.868268502865476,2.01918496331227,9.576665612793562,8.25967986486151,42.066540435194725
1.1694915254237288,0.3717560787303995,1.725268445319486,1.869072341033501,8.827105872065147,7.63353422834841,38.50203372063048
1.2152542372881356,0.34530663909320936,1.5981722003029688,1.735443976602184,8.163217097787722,7.0777644564135755,35.383751414660864
1.2610169491525425,0.3216387722316796,1.4846992337384535,1.6159516920141783,7.572322263184432,6.582078852031202,32.63895263806802
1.306779661016949,0.30037280448364356,1.382964076464745,1.5086528659792577,7.0440209371223546,6.138014827736896,30.209305265576234
1.352542372881356,0.28119192639947244,1.2913980142277381,1.4119289577544833,6.569711881062204,5.738560076606049,28.047562504588797
1.3983050847457628,0.26383007946382975,1.2086855556777465,1.3244222165252353,6.142230300542508,5.37786261216435,26.115104654240668
1.4440677966101696,0.24806248427346134,1.1337178914072155,1.2449879276598494,5.755567980610493,5.051006542674756,24.380119471587832
1.4898305084745764,0.23369817127729675,1.0655548182661505,1.1726536724800098,5.404655275247791,4.753837025990933,22.816174609231865
1.535593220338983,0.22057404402188752,1.0033948422980643,1.106590123577476,5.085189755591642,4.482822410860038,21.40116957977108
1.5813559322033899,0.20855012550208585,0.9465512954373594,1.0460861721119414,4.793500407455937,4.234944772955387,20.116500297947297
1.6271186440677967,0.19750572540121425,0.894433120875803,0.9905292090858637,4.526439166360689,4.007612331473126,18.94641046822042
1.6728813559322033,0.18733632965999902,0.8465293115312704,0.9393891474496456,4.281293657952702,3.7985878785260923,17.877479919684447
1.7186440677966102,0.17795106074231626,0.802396228192265,0.8922053942247032,4.055716520880765,3.60593559879986,16.898214076360148
1.764406779661017,0.16927059188105886,0.7616472035150537,0.8485761652783452,3.8476669292133465,3.4279680415400833,15.9987328269967
1.8101694915254238,0.16122542478832713,0.7239439724473442,0.8081496726921813,3.6553669086644476,3.263212055867527,15.170484037836218
1.8559322033898307,0.15375446013655392,0.6889895710593947,0.7706168182956219,3.4772568906421952,3.110375979693103,14.406045949132846
1.9016949152542373,0.146803805227961,0.6565224228804993,0.7357051057653194,3.311967182914543,2.96832332845365,13.698948115749843
1.9474576271186441,0.14032577487405717,0.6263113909190849,0.7031735441002525,3.1582900851027347,2.836050844654082,13.043527643786035
1.993220338983051,0.13427801412358065,0.5981516191257441,0.6728083619015877,3.01515735855466,2.7126700990038586,12.434810298728848
2.0389830508474573,0.12862293586047713,0.5718610224589611,0.6444193881042395,2.881621278874192,2.5973919994307977,11.868411664108592
2.084745762711864,0.12332689051258683,0.5472773123810413,0.6178369831218333,2.7568386329687513,2.4895136929040262,11.340454559646474
2.130508474576271,0.11835980710262106,0.524255466366256,0.5929094266368509,2.6400571478275765,2.388407445644063,10.847499718440105
2.176271186440678,0.11369471443258305,0.5026655672057956,0.5695006858840088,2.530603936770021,2.2935111665144348,10.386487333778803
2.2220338983050847,0.10930736428885268,0.4823909515718867,0.5474885022855744,2.427875626796464,2.2043203010989885,9.954687561648399
2.2677966101694915,0.1051759071147984,0.46332661823520027,0.526762745498587,2.3313298925997117,2.1203808738849546,9.54965843731307
2.313559322033898,0.10128061195462124,0.4453777491863491,0.5072239929348257,2.2404781722839004,2.041283495911671,9.169209957688679
2.3593220338983047,0.09760362388615818,0.4284589533628491,0.48878230007888135,2.1548793795902697,1.9666581873628957,8.811371384901165
2.4050847457627116,0.09412875330815496,0.4124925759089706,0.4713561328233453,2.074134459513033,1.8961698905321214,8.474372690359985
2.4508474576271184,0.09084129238357264,0.3974082501068068,0.4548714378384062,1.997881660204186,1.8295145696548332,8.1566096176267
2.4966101694915253,0.08772785470638667,0.3831420000224881,0.4392607088069127,1.9257924152524026,1.766415811274527,7.8566322358073535
2.542372881355932,0.08477623488960262,0.3696355557251678,0.42446277229024076,1.8575677477504087,1.706621852868082,7.57312567928291
2.588135593220339,0.08197528529117903,0.3568357526712447,0.41042140709843977,1.7929351217942866,1.6499029790125945,7.3048952367280435
2.6338983050847458,0.07931480752527875,0.3446940036284474,0.39708530932627184,1.7316456787891497,1.5960492339104349,7.050853335439342
2.6796610169491526,0.07678545676373005,0.3331658332915026,0.38440747789745444,1.6734718056430467,1.5448684069869643,6.810008149410194
2.725423728813559,0.07437865713043834,0.32221046722040114,0.37234478707988217,1.618204989991142,1.4961842548393918,6.581453602746706
2.771186440677966,0.07208652674128757,0.3117904679696295,0.36085760785904597,1.5656539243108938,1.4498349282892207,6.364360575664989
2.8169491525423727,0.06990181115122596,0.30187141231296266,0.3499094718799114,1.515642826404516,1.4056715778721411,6.1579691498627085
2.8627118644067795,0.06781782414633142,0.29242160434097286,0.33946677256531643,1.4680099484370146,1.363556731707476,5.961581754645138
2.9084745762711863,0.06582839496752513,0.28341181994342435,0.3294984987760472,1.422606250681227,1.323364747997644,5.774557095714073
2.954237288135593,0.06392782117853812,0.27481507881104505,0.31997599701861645,1.3792938947787405,1.2849784630355572,5.596304765722664
3.0,0.06211082649764421,0.26660644061907135,0.31087275875073317,1.337946506612468,1.2482899158438698,5.4262804501490365
