density_cm2\diam_um,0.20,0.27,0.34,0.42,0.49,0.56,0.63,0.70,0.77,0.85,0.92,0.99,1.06,1.13,1.21,1.28,1.35,1.42,1.49,1.56,1.64,1.71,1.78,1.85,1.92,1.99,2.07,2.14,2.21,2.28,2.35,2.43,2.50,2.57,2.64,2.71,2.78,2.86,2.93,3.00
1.00e+08,0.0009588294292072197,0.0017695836046078828,0.0028254478259386318,0.0041251276649766355,0.00566703381562772,0.0074492865253393825,0.009469720814314297,0.011725892456972087,0.014215084696552305,0.01693431566042858,0.019880346440610652,0.023049689801093454,0.026438619471159885,0.030043179981489088,0.03385919699798712,0.03788228810660488,0.042107874001111045,0.04653119002478767,0.051147298016347986,0.055951098410025324,0.06093734253974403,0.06610064509754565,0.07143549669699967,0.07693627649317658,0.08259726481183616,0.08841265574186341,0.09437656964652463,0.10048306555093511,0.10672615336506164,0.1130998059037529,0.11959797066754796,0.12621458135042085,0.13294356904311444,0.13977887310330206,0.14671445166642205,0.15374429177372817,0.1608624190967427,0.1680629072399934,0.1753398866065533,0.18268755281351623
1.15e+08,0.001098226197483343,0.0020266510113808867,0.0032354875988661602,0.00472303962113263,0.006487225663583618,0.008525585873394581,0.010835289766102707,0.013413145157557205,0.01625560817163685,0.019358794268633184,0.022718490234156286,0.02633016706388447,0.030188993675480447,0.034289851375545743,0.0386273490066239,0.04319583869698185,0.04798943213421203,0.05300201728260601,0.058227275463745176,0.06365869871981567,0.06928960737976786,0.07511316774960608,0.08112240984972796,0.08731024512436136,0.09366948405071596,0.10019285357839591,0.10687301433295926,0.11370257752111013,0.1206741214789201,0.12778020780859456,0.13501339705359028,0.14236626386635665,0.14983141162748737,0.15740148647968255,0.16506919074451631,0.17282729569460498,0.1806686536582892,0.18858620943839577,0.19657301103096203,0.2046222196339903
1.31e+08,0.0012578675868334388,0.0023209904727138353,0.003704850225839995,0.005407224228183294,0.007425387356894353,0.009756121921217442,0.012395729330710759,0.015340043420262961,0.018584445347512246,0.022123879969245364,0.025952873595190495,0.030065553010448,0.034455665651632494,0.039116600816694325,0.04404141178436094,0.0492228387162037,0.054653332212497685,0.06032507739226245,0.06623001836818276,0.07235988298836149,0.07870620771916603,0.08526036254654745,0.09201357577725244,0.09895695862609388,0.10608152948092853,0.11337823774303857,0.12083798714722038,0.1284516584729004,0.13621013156497652,0.14410430659071127,0.15212512446683624,0.1602635863989158,0.16851077248296975,0.1768578593272191,0.1852961366595901,0.19381702289417468,0.2024120796371901,0.2110730251200288,0.21979174655370493,0.22856031140535626
1.50e+08,0.001440687118665518,0.002657983571129785,0.00424206113709924,0.006190008276826586,0.008498258244997836,0.011162603958248307,0.014178215420832418,0.017539659581472078,0.02124092247803866,0.025275433512013445,0.029636091681649823,0.034315293591597906,0.03930496304750852,0.04459658203689487,0.0501812228922669,0.05604958142934047,0.06219201085185477,0.0685985562152317,0.07525898924382035,0.08216284330077628,0.08929944831552616,0.09665796548120043,0.10422742154319098,0.11199674250994951,0.11995478662816283,0.12809037647627508,0.1363923300429032,0.14484949066974295,0.1534507557519852,0.16218510410288667,0.17104162190277372,0.18000952716631313,0.18907819267519677,0.19823716733632268,0.20747619593806255,0.21678523728911658,0.2261544807357584,0.23557436106385254,0.24503557180184776,0.25452907695000015
1.72e+08,0.0016500413320318374,0.003043781919007005,0.0048568531998315345,0.007085442123770824,0.009724882138579138,0.012769675420090887,0.016213518871647792,0.020049333677251258,0.024269298165489284,0.028864883717519052,0.033826893431955996,0.039145503242536406,0.04481030517113549,0.05081035238907161,0.05713420575373307,0.06376998148527535,0.0707053996494672,0.07792783311741014,0.08542435668078019,0.0931817960120741,0.1011867761728854,0.10942576938917259,0.11788514183048371,0.12655119914985336,0.13541023056224433,0.1444485512616367,0.15365254299983055,0.16300869267340845,0.1725036287888132,0.18212415569881124,0.1918572855265166,0.20169026771536613,0.2116106161647936,0.22160613393162598,0.2316649354963094,0.24177546661081417,0.2519265217613723,0.2621072592940359,0.2723072142643109,0.2825163090838583
1.97e+08,0.0018897701407236678,0.003485415158784755,0.005560332193719875,0.008109528967656265,0.011126902602134447,0.01460527282959545,0.018536420742976012,0.02291113271627576,0.0277192490852306,0.03294971713941064,0.03859064794555078,0.04462937649700971,0.0510525246661645,0.05784606642523804,0.06499539479654948,0.07248538999517717,0.08030048823532732,0.08842475068583588,0.09684193207975644,0.10553554850736768,0.11448894395053733,0.12368535514859713,0.1331079744210637,0.14274001010997617,0.1525647443437116,0.1625655878641974,0.17272613169987383,0.18303019550699418,0.19346187244136392,0.20400557046093426,0.21464604999636283,0.2253684579613887,0.2361583581073533,0.24700175775616395,0.25788513097331645,0.2687954382671196,0.27972014292194547,0.2906472240921304,0.3015651867991487,0.31246306898787535
2.26e+08,0.0021642656015237183,0.0039909134292734905,0.00636516323438574,0.009280480954163672,0.01272888919503723,0.016701016807229907,0.02118615656550893,0.026172330333543048,0.03164636101891238,0.03759395056656001,0.04399976319125354,0.050847513014743884,0.058120055251062896,0.06579948007358838,0.07386720829985494,0.0823040880439786,0.09109049151127613,0.10020641114418394,0.10963155437189687,0.11934543626700611,0.12932746946960538,0.13955705080148084,0.15001364405889894,0.16067685854074365,0.17152652293821635,0.18254275428175504,0.19370602170922802,0.20499720488583317,0.21639764696966646,0.22788920207686691,0.23945427725606638,0.2510758690330308,0.2627375946326568,0.2744237180265515,0.28611917099025375,0.2978095693847226,0.30948122490208396,0.32112115253600404,0.33271707405261874,0.34425741774902996
2.59e+08,0.0024785502027301343,0.004569446020501022,0.007285780245573359,0.010619004066992122,0.014558695646798792,0.01909263404476247,0.024206884956876507,0.029885897214678492,0.03611260888020151,0.042868561680586614,0.05013402245818677,0.05788811026686602,0.06610892772315291,0.07477369522136978,0.08385888664375418,0.09334036523850264,0.10319351839865987,0.11339339015077998,0.12391481025188256,0.13473251889392646,0.14582128612425505,0.15715602520564298,0.16871189925821983,0.18046442064526114,0.1923895426834693,0.20446374337388473,0.21666410096030275,0.22896836122646547,0.2413549965402555,0.25380325674159676,0.26629321205017975,0.2788057882390341,0.29132279438015196,0.30382694351890105,0.3163018666750109,0.32873212059986257,0.34110318974312814,0.35340148289711415,0.3656143249950914,0.3777299445411967
2.96e+08,0.0028383659082121815,0.0052314780744953104,0.008338620605817804,0.01214861348342422,0.01664785011130443,0.02182040742286262,0.027648173117339025,0.03411098824952352,0.04118680322047308,0.04885184508180651,0.057080793973227406,0.06584696646257004,0.07512250354916372,0.0848785611227143,0.09508550073854338,0.1057130786722712,0.11673063134866601,0.1281072553957685,0.1398119807515431,0.15181393544115251,0.1640825008434308,0.1765874564704295,0.1892991134894596,0.20218843641870432,0.21522715262164727,0.22838784940903112,0.24164405872739736,0.2549703295683966,0.26834228837163887,0.2817366878149601,0.2951314444892619,0.30850566604052765,0.32183966842973755,0.3351149840128741,0.34831436117911196,0.3614217563067923,0.37442231880525967,0.38730237000755363,0.40004937666575746,0.4126519197790254
3.40e+08,0.0032502753260506,0.00598894730969024,0.009542387043428135,0.013895980601020819,0.01903197642841359,0.024929649122487962,0.03156548789726199,0.03891340674944699,0.04694497306566192,0.05562965122054386,0.06493505760030915,0.07482722344928605,0.08527086197456768,0.09622963625125691,0.10766642464088716,0.11954358066047255,0.13182318450997055,0.1444672837720169,0.15743812112961075,0.17069834729506028,0.18421121769759252,0.19794077182881598,0.2118519944869377,0.22591095848557274,0.2400849486955562,0.25434256756407925,0.2686538225015276,0.2829901957406259,0.29732469745391965,0.3116319030642455,0.3258879757994897,0.340070675629077,0.3541593557773278,0.3681349480405094,0.3819799381427901,0.39567833235430794,0.4092156165650648,0.4225787089643237,0.43575590741939274,0.4487368325827711
3.89e+08,0.0037217765101907885,0.006855462840396509,0.01091833869226444,0.015891312209684427,0.02175124362093528,0.028471188479664455,0.03602067622715466,0.04436601906725968,0.05347064574361282,0.06329545455007857,0.07379917979072137,0.08493876593064065,0.09666974383519245,0.10894660376979037,0.12172316021001284,0.13495290397425452,0.14858933771941085,0.16258629141439296,0.17689821500726755,0.1914804461111428,0.20628945113487085,0.2212830388624638,0.2364205460275305,0.25166299492613287,0.26697322355593234,0.282315989156529,0.2976580463528782,0.3129682013701922,0.3282173439960169,0.3433784591160981,0.35842661974909895,0.3733389635560551,0.38809465480905625,0.4026748337757029,0.4170625554171975,0.4312427192142022,0.44520199183119835,0.45892872421212816,0.47241286457211595,0.485645868616181
4.46e+08,0.0042614330451896665,0.007846528213718562,0.012490612907392395,0.018168761208493422,0.024850838540604214,0.032501862292050876,0.04108241253073408,0.05054908444855022,0.06085497359889658,0.07195018468127512,0.08378235457890004,0.09629718055473901,0.10943894493603423,0.1231510282376731,0.13737640345619784,0.15205810517118068,0.16713966808039926,0.18256553063161862,0.1982814004610569,0.21423457937444246,0.23037424658313987,0.24665169981233004,0.2630205547131861,0.2794369037242528,0.29585943613164845,0.3122495215707337,0.32857125959497535,0.34479149821563815,0.36087982449605194,0.3768085303758323,0.3925525569141236,0.40808942008794036,0.4233991211733882,0.4384640445850544,0.4532688458627365,0.4678003322845772,0.4820473383602931,0.49600059822511144,0.5096526167206892,0.5229975407190521
5.11e+08,0.004879021203080036,0.008979790772521423,0.014286578919726622,0.02076686674791961,0.02838145349667387,0.03708499011948774,0.04682658313443744,0.05755045485264243,0.06919664531730485,0.08170174100066241,0.09499961548883618,0.10902216799735431,0.12370004654907685,0.13896334394556986,0.15474225619937643,0.1709676947920753,0.18757184590640963,0.20448867157991213,0.22165434947959906,0.23900764964933563,0.2564902480910509,0.274046978376978,0.29162602363247137,0.309179052167843,0.32666130077232647,0.34403161022056594,0.36125241789493057,0.37828971261282307,0.39511295678743863,0.4116949809650884,0.42801185559466637,0.4440427446169871,0.4597697451341727,0.4751777170507644,0.49025410618544707,0.5049887639494303,0.519373766286555,0.5334032341806325,0.5470731576647795,0.5603812249210087
5.85e+08,0.0055856960905036335,0.010275319345692258,0.016337223613079654,0.023729019592810485,0.03239977668403593,0.04229081064606055,0.05333656852561053,0.06546558788318779,0.07860150642283603,0.0926640980829534,0.10757031242321291,0.12323529564942093,0.13957337373128553,0.1564989806464594,0.17392751767852999,0.19177613275881678,0.20996441193328363,0.22841497803376842,0.2470539944346687,0.26581157430267743,0.28462209794228177,0.3034244426704742,0.3221621311082443,0.3407834048595496,0.3592412312807264,0.3774932514557,0.39550167762336996,0.4132331481957726,0.43065854820322225,0.4477528025488422,0.46449464889045144,0.48086639632958217,0.4968536754078028,0.5124451842168924,0.5276324347441425,0.542409502914664,0.5567727851722122,0.5707207638677599,0.5842537832066229,0.5973738370431354
6.70e+08,0.00639417881341664,0.01175591202804116,0.018677568549527623,0.027103945705725163,0.03696896809050676,0.048196847228087814,0.060703373578807396,0.0743973031601668,0.08918180018707755,0.10495589784148096,0.12161594140885046,0.13905698134522082,0.15717408809514077,0.1758635653771542,0.1950240438963421,0.21455744275801358,0.23436979099998312,0.2543719064330372,0.2744799332284603,0.29461574331587204,0.3147072095993798,0.3346883612526327,0.3544994329364646,0.37408682074645905,0.3934029581113808,0.41240612480811134,0.43106020182087657,0.4493343840380144,0.4672028618296854,0.4846444814584102,0.501642393105348,0.5181836941025519,0.5342590737883259,0.5498624652824011,0.5649907084339358,0.5796432272442232,0.5938217242164858,0.6075298933407706,0.6207731527817862,0.6335583977973933
7.67e+08,0.007318966762044465,0.013447435392961782,0.02134711574398729,0.03094619737892934,0.042159097121427735,0.05488816124055573,0.06902554371918324,0.08445519908112054,0.10105492806473337,0.11869841701077255,0.13725721679964542,0.1566026140314094,0.17660735532809158,0.1971471945746518,0.2181022420528843,0.2393581032766865,0.26080680351072527,0.2823475011523988,0.3038869991881503,0.32534006870682886,0.3466296019581069,0.3676866147456824,0.3884501191577251,0.4088668879091496,0.4288911310681499,0.4484841048333147,0.46761367048133373,0.4862538197681864,0.5043841810689615,0.5219895184915821,0.539059234184011,0.5555868821380754,0.5715697000217024,0.5870081639742303,0.6019055698917333,0.6162676435151585,0.630102180609118,0.6434187176730969,0.6562282329451014,0.668542876923598
8.79e+08,0.008376569141467782,0.015379195819153035,0.024390317469503153,0.035316636516163236,0.04804751027303533,0.06245744076735804,0.07840879184532468,0.09575463406785001,0.11434161989373015,0.13401279839767444,0.15461028939877497,0.17597775031547358,0.19796258418119406,0.22041785295115912,0.24320387552604805,0.26618950401210706,0.28925308404184025,0.31228311512485984,0.3351786348202732,0.3578493560317897,0.38021559007512906,0.4022079896032431,0.4237671453066464,0.44484306886692215,0.46539459226154445,0.48538871050417864,0.5047998915262016,0.5236093733874735,0.541804465525825,0.5593778674486969,0.5763270152292095,0.5926534634497689,0.6083623078671447,0.6234616520592219,0.6379621196438185,0.6518764123110372,0.6652189128520744,0.6780053315650194,0.6902523938364171,0.70197756630154
1.01e+09,0.009585769818239553,0.017584342630149408,0.02785706241230168,0.040282888696424046,0.05471908771193312,0.07100485976211746,0.08896524750319046,0.10841516581120914,0.12916340135654503,0.15101644541169845,0.1737820448430869,0.19727238148239057,0.22130681693876897,0.2457141664057929,0.2703344894960371,0.2950204073989503,0.3196379729601182,0.34406713330894434,0.36820183346936997,0.3919498143074517,0.41523215972310423,0.4379826468078306,0.46014694942350254,0.48168174094133187,0.5025537362824251,0.5227387074013161,0.5422205003339005,0.5609900761770155,0.5790445930758049,0.5963865415877971,0.6130229417278661,0.628964606586328,0.6442254746288223,0.6588220105833587,0.6727726731350041,0.6860974464135795,0.6988174314048621,0.710954492874334,0.7225309571029949,0.7335693556423825
1.15e+09,0.010967919387707248,0.0201003013455181,0.03180316662153038,0.0459197392692835,0.06226633658641956,0.0806376295327157,0.1008122276365292,0.1225583362219057,0.14563925336621109,0.1698185064721316,0.1948644695593572,0.2205543479863068,0.24667746322440165,0.2730378131143979,0.29945592021286516,0.32577001082628787,0.35183658947986096,0.37753048799562194,0.4027444757555456,0.427388519169312,0.45138877510914344,0.4746863964008772,0.49723621857167044,0.5190053869915882,0.5399719731532949,0.560123618750091,0.5794562368830238,0.5979727914290488,0.6156821684723055,0.6325981477713492,0.648738477462371,0.6641240514876497,0.6787781864666149,0.6927259927583306,0.705993833162855,0.7186088619460365,0.7305986365314419,0.7419907941826067,0.7528127862124393,0.7630916626333016
1.32e+09,0.012547258047319043,0.0229692334082493,0.036290852730162304,0.05230943380705155,0.07078925650462942,0.09146915119148857,0.11407041927642592,0.138304692158016,0.1638813797009533,0.1905144240776483,0.2179281509690335,0.24586208939665166,0.27407470669007983,0.3023460708670853,0.330479505611346,0.3583023416028438,0.38566589235680504,0.4124447943419206,0.4385358521224767,0.4638565220915687,0.48834315553285423,0.5119491055382688,0.5346427846231951,0.5564057421971627,0.5772308144222645,0.5971203840977097,0.6160847754059006,0.6341407977578646,0.6513104445235367,0.6676197459510831,0.683097770830071,0.6977757681695986,0.7116864380776843,0.724863319892372,0.7373402852052113,0.7491511235427855,0.7603292089729959,0.7709072366520171,0.7809170192251036,0.7903893339637375
1.51e+09,0.01435127033316963,0.02623851614510142,0.04138919467591606,0.05954183473699137,0.08039489935243493,0.10361766605228073,0.12886136163925022,0.1557699467887096,0.18399004042791722,0.21317959717510104,0.2430150865167079,0.2731970547696304,0.30345406841411027,0.333545132405483,0.3632607460208659,0.39242280165831844,0.42088355139424327,0.4485238662419523,0.4752509988430387,0.500996036614748,0.5257112034759359,0.5493671376703176,0.571950243485122,0.593460187553869,0.6139075869244228,0.6333119165772956,0.6516996485823172,0.6691026232946187,0.6855566444642214,0.7011002843487316,0.7157738813507079,0.7296187108595011,0.7426763094281753,0.7549879327928022,0.7665941292453264,0.7775344112670277,0.7878470099382093,0.7975686983293164,0.8067346717560983,0.8153784743842111
1.73e+09,0.016411071970660496,0.029961233275462185,0.04717449745835811,0.06771437401960811,0.09119653239669878,0.11720429305700664,0.14530412203620247,0.17506021858594845,0.2060474742684567,0.2378623076822617,0.2701311105661228,0.30251625239963875,0.3347197640617201,0.36648494764509365,0.39759623794198395,0.42787767601131066,0.4571903547571434,0.48542917019540044,0.5125191694949636,0.5384117361522852,0.5630808002304564,0.5865192120143448,0.6087353735259657,0.6297501855139405,0.6495943381243043,0.6683059511083784,0.6859285533337904,0.7025093805437409,0.7180979637220319,0.7327449770913952,0.7465013138403198,0.7594173584188927,0.7715424260895498,0.7829243429183622,0.7936091422155293,0.8036408563441161,0.813061385653579,0.821910428957432,0.8302254624041487,0.8380417557599341
1.99e+09,0.01876182791875214,0.03419666183223391,0.053730572217192685,0.07693172870092702,0.10331230189923202,0.1323503412389596,0.16351108133043968,0.19626633946189487,0.23011102650840787,0.26457619162674284,0.2992384010254008,0.3337255715199928,0.3677196174208792,0.4009564185390657,0.4332236848805575,0.4643572952299654,0.49423664101082176,0.5227794319737401,0.5499363321778963,0.5756857054126719,0.6000286667580077,0.6229845660428088,0.6445869714451153,0.664880177378725,0.6839162289239317,0.7017524335606483,0.7184493178227118,0.7340689797517508,0.7486737859467605,0.7623253631285005,0.775083837312585,0.7870072780361577,0.7981513099741411,0.808568859271552,0.8183100067201124,0.8274219243468157,0.8359488759683515,0.8439322657648707,0.8514107219438213,0.8584202051272991
2.28e+09,0.021443199044429706,0.0390107357095385,0.061148856097450355,0.08730513279259677,0.11686328644673993,0.1491737949295665,0.18358278546781004,0.21945730471363478,0.2562057207118549,0.2932926855552438,0.33024868233645244,0.3666746354166598,0.4022423568997352,0.4366917426160337,0.469825645417448,0.5015032783017375,0.5316328709689374,0.5601641515895003,0.5870810736708886,0.6123950706768508,0.636139006233428,0.6583618978361143,0.6791244259418094,0.698495195185696,0.7165476863525402,0.7333578227094357,0.749002068785555,0.7635559806485901,0.7770931317909897,0.7896843461095766,0.8013971778592908,0.8122955870191617,0.822439766677515,0.8318860865084834,0.8406871230215989,0.8488917529786933,0.8565452912147699,0.8636896581391909,0.8703635655177133,0.8766027118384101
2.61e+09,0.024499812622178263,0.04447645902886155,0.0695283141459635,0.09895122648167709,0.1319708279217744,0.16778489460765367,0.20560188470776453,0.24467304713166382,0.2843166575620981,0.3239340349905957,0.36301787278888353,0.4011540118473995,0.4380180876701931,0.47336854427132247,0.5070373939073913,0.5389198843112266,0.5689639748986288,0.5971602647975878,0.6235327860564698,0.6481308883983788,0.6710223004785848,0.6922873533940692,0.7120142885044414,0.7302955356932492,0.747224832581961,0.7628950534935499,0.7773966240338375,0.7908164091832431,0.8032369770572005,0.8147361551937753,0.8253868102440428,0.835256794653188,0.8444090150472238,0.8529015865216062,0.8607880449373311,0.8681175958133667,0.8749353836396248,0.8812827696065413,0.8871976090313867,0.892714522316546
2.99e+09,0.027981748862925593,0.05067423397543802,0.07897504730035732,0.11199033406849568,0.148753037430416,0.18828078206349486,0.22962627507692068,0.2719168535811717,0.3143817805513276,0.35636759013840946,0.39734299888497115,0.436895576295414,0.47472257013471153,0.5106181346513861,0.5444588537567564,0.5761890079097203,0.6058065916226135,0.6333507015973265,0.6588906077673333,0.6825165946614002,0.704332510063806,0.7244498678984328,0.7429833074337017,0.7600471974886011,0.7757531810165753,0.7902084736977394,0.8035147539247356,0.8157675068152922,0.8270557091723767,0.8374617642984776,0.8470616146597543,0.855924976467674,0.8641156534559951,0.8716918977781125,0.8787067943890265,0.8852086518669904,0.8912413877068718,0.8968448999762729,0.9020554201189368,0.9069058438278085
3.42e+09,0.031945031769016086,0.057692057636171024,0.08960151722531595,0.12654405801119806,0.16732039826725953,0.21073924957266987,0.25568167770253036,0.30114789588720214,0.3462856951078106,0.3904022029504617,0.4329621813000969,0.47357666585754565,0.5119856320462572,0.5480378147666332,0.58167006110286,0.6128878370560382,0.6417478498999676,0.668343233799211,0.6927913828044862,0.7152242835046217,0.7357810710420964,0.7546024776716466,0.771826837195803,0.7875873316618838,0.8020102044439403,0.8152137068026044,0.8273075874181812,0.838392973044565,0.8485625218964076,0.8579007593098624,0.8664845278801723,0.8743835022604219,0.881660732803925,0.8883731929488587,0.894572313320384,0.9003044915201052,0.9056115709514935,0.9105312851722126,0.915097666472481,0.9193414188897878
3.92e+09,0.03645210760322115,0.0656255307455379,0.10152528670443184,0.14273208164446283,0.18777043322360265,0.2352117320207967,0.2837540363834582,0.33227450198952346,0.37985533552351114,0.4257875427767409,0.46955835415637837,0.5108283625411629,0.5494036114113535,0.585206629608704,0.6182491045801628,0.6486077473978469,0.6764040284276567,0.7017878616683371,0.7249249498864612,0.7459873153154739,0.7651464759910425,0.7825687392105608,0.7984121364703182,0.8128245949742434,0.8259430147430651,0.8378929892629989,0.8487889676102214,0.8587347058696772,0.8678238957557127,0.8761408897148544,0.8837614658080504,0.8907535937047618,0.8971781764246369,0.9030897521039969,0.9085371469228385,0.9135640751045607,0.918209685141959,0.9225090535282312,0.9264936285971267,0.9301916278377171
4.49e+09,0.041572287966063826,0.07457760841958805,0.11486716559255072,0.1606680920004403,0.2101814739222092,0.2617158078897458,0.31378227010319193,0.36514892212193006,0.4148583072137245,0.46221703176233975,0.5067670955627559,0.5482478179207648,0.5865552188337491,0.6217034728905237,0.6537910620588118,0.682972733615341,0.709437348835448,0.73339111175151,0.7550453848077094,0.774608222698372,0.7922788011504517,0.8082440227174118,0.8226767074292811,0.8357348996039613,0.8475619318338256,0.8582869788020348,0.8680259068987848,0.876882282384712,0.8849484436802916,0.8923065749535446,0.8990297410078008,0.9051828596370843,0.9108235988198488,0.9160031936946853,0.9207671832223547,0.9251560695497525,0.9292059049153943,0.9329488118811422,0.936413443034041,0.9396253862825732
5.14e+09,0.04738212673200248,0.08465800957220782,0.12974864988857826,0.18045477171161095,0.23460566842434893,0.29022762360848786,0.3456520644957839,0.39956441472616344,0.45100465513692845,0.4993348455958587,0.5441885327601963,0.5854140239912136,0.6230197015598369,0.6571260308611765,0.6879262135333795,0.7156556471188862,0.7405693415445576,0.7629259949272756,0.7829773414640091,0.8009614919158731,0.8170991828763399,0.8315920679825375,0.8446223868365346,0.8563535200233385,0.8669310772998722,0.8764842728898414,0.8851274215401845,0.8929614468959941,0.9000753348094668,0.9065474926460177,0.9124469948822005,0.9178347079245389,0.9227642950789942,0.9272831074065558,0.931432968846938,0.9352508652128693,0.9387695469634763,0.9420180554082115,0.9450221814101559,0.9478048649068618
5.89e+09,0.05396569079049973,0.09598218888094734,0.1462885491103353,0.20217787016348487,0.26106148970887266,0.3206748122224089,0.3791914951311919,0.43525545156817946,0.4879525971337171,0.536747034269966,0.5814027834701384,0.621905927158775,0.6583957857599957,0.6911088336656044,0.7203358179014188,0.7463907462227712,0.7695896535744908,0.7902369374783833,0.8086172688127022,0.8249914341299853,0.8395948337349267,0.8526376894558314,0.8643062863549482,0.8747647818083477,0.8841572706320177,0.8926099063983884,0.9002329568816732,0.9071227244349498,0.9133632970452891,0.9190281181840994,0.9241813773113583,0.9288792308362827,0.9331708674740874,0.9370994336429096,0.9407028347488748,0.9440144275320455,0.9470636174977901,0.9498763740963231,0.9524756748983106,0.9548818886415567
6.75e+09,0.061414673667567476,0.10866976465085965,0.16459871945205395,0.22589945267412637,0.2895261558270078,0.35293061894817546,0.4141693104470402,0.4719016900271136,0.5253184090471095,0.5740363279589271,0.617987882643612,0.6573213719727704,0.6923196620518564,0.723338717023529,0.7507640161786485,0.7749815337739968,0.7963597602487211,0.8152396386232399,0.8319299003802263,0.8467059048599977,0.8598106220188668,0.8714568222068021,0.8818298527691378,0.8910906071729197,0.8993784482380297,0.9068139513215904,0.9135014009197396,0.9195310164959699,0.9249809087089729,0.9299187814418559,0.9344034021499348,0.9384858657532547,0.9422106773892458,0.9456166779660207,0.9487378343482173,0.9516039136138268,0.9542410584073396,0.956672278129441,0.9589178686202151,0.9609957711401939
7.73e+09,0.06982828884066639,0.1228422902408356,0.18477886225070617,0.25165054353111305,0.31992852902770663,0.3868100418690109,0.4502966278668806,0.5091360678435558,0.5626901830300013,0.6107796754864944,0.6535387180154955,0.6912951425127579,0.7244803234333732,0.7535662959137811,0.7790249204122272,0.8013034690868623,0.8208116834667067,0.8379164033502278,0.8529409093773936,0.866166996408527,0.8778384637525922,0.8881651895054998,0.8973272870680412,0.9054790609074688,0.9127526185831533,0.9192610822052883,0.92510139312851,0.9303567315277638,0.9350985861487725,0.9393885146178761,0.9432796348660574,0.9468178857495468,0.9500430912293699,0.9529898583301231,0.9556883350003083,0.9581648501866102,0.9604424550224356,0.9625413810485757,0.9644794288194569,0.9662722980685645
8.85e+09,0.07931286635627832,0.13862025927363686,0.2069104138912099,0.2794235204478067,0.35214320344659955,0.42206880970882366,0.48723258732228003,0.54655695381128,0.599644662151127,0.6465671117717307,0.6876852545455487,0.723514405165117,0.7546308727878644,0.7816125655462601,0.8050045707901003,0.8253017766586139,0.8429423876645008,0.8583079475235631,0.8717269240870957,0.8834799795147934,0.893805790291007,0.9029067716806541,0.9109543717865929,0.9180937893143968,0.9244480788203921,0.9301216669206563,0.9352033321575285,0.9397687125137129,0.9438824058097188,0.9475997242310524,0.9509681578628041,0.9540285949934959,0.9568163399715773,0.959361962994338,0.9616920105587076,0.963829600440765,0.9657949209549698,0.9676056507996734,0.9692773129350946,0.9708235735770522
1.01e+10,0.08998106306939802,0.1561192499219084,0.23104964780437365,0.30916477369711404,0.3859865881424922,0.45840591615098225,0.5245941570655812,0.5837437829078382,0.635765872262309,0.6810202643551247,0.7201083344515744,0.7537301568356201,0.7825949369208541,0.8073703740443559,0.828658072151459,0.8469851163922312,0.8628049274167502,0.8765029145746659,0.8884041840269431,0.8987817202096938,0.9078641970379833,0.9158430221549436,0.9228784753559154,0.9291049423245366,0.9346353141219834,0.9395646513807602,0.9439732182454468,0.9479289857274721,0.9514896936208084,0.9547045479658045,0.9576156190837164,0.9602589943042971,0.9626657300035353,0.9648626395016365,0.9668729466447092,0.968716829349981,0.9704118728611622,0.9719734487724556,0.9734150328885677,0.9747484725664115
1.16e+10,0.10195058485204023,0.1754451460740437,0.2572202318666844,0.34076829351576177,0.42121580832272343,0.49547018937343723,0.5619698229329518,0.6202750944436872,0.6706639259136375,0.7138087628341808,0.7505516125095995,0.7817637972029062,0.8082679551818814,0.8308011341299404,0.85000274120306,0.8664162435982584,0.880497611439419,0.8926263726972135,0.9031170138060618,0.9122295959679521,0.9201791135679926,0.9271434788245158,0.9332701968890046,0.9386818745777087,0.9434807300488913,0.9477522670728858,0.9515682613162441,0.9549891855152431,0.9580661797485196,0.9608426541731598,0.9633555952820625,0.9656366330660867,0.9677129152219403,0.9696078254207343,0.9713415753049809,0.9729316939972583,0.9743934342048362,0.9757401102577918,0.9769833804315636,0.9781334835229402
1.33e+10,0.11534231057274813,0.19668842818094223,0.2854056302684268,0.3740709661465941,0.4575311482178821,0.5328709974394105,0.5989363741713247,0.6557474748929233,0.7039922480294984,0.7446630366109935,0.7788286816992092,0.8075085730694398,0.8316137310878309,0.8519276459368529,0.869108428469404,0.8837009356234593,0.8961524311352442,0.9068284152019687,0.9160270563455726,0.923991649260875,0.9309210305641942,0.9369781193034886,0.9422968369765254,0.9469876752948433,0.9511421592389817,0.9548364193831044,0.9581340516930106,0.9610884098942453,0.9637444469037034,0.9661401980476468,0.9683079794950532,0.9702753599039355,0.9720659510496674,0.9737000535675506,0.9751951863707113,0.9765665223637527,0.9778272484112703,0.9789888638594115,0.980061429028735,0.9810537728262285
1.52e+10,0.13027770547602557,0.21991760826321183,0.31554189539051325,0.4088504072583308,0.4945825216650108,0.570192708102909,0.6350775151455483,0.6897936780212214,0.7354616134243108,0.7733824437340082,0.8048250670166723,0.8309262653604599,0.8526571341849469,0.8708242155308927,0.8860862958167068,0.8989764092116272,0.9099238226248308,0.9192737273576916,0.9273039089397367,0.9342384120143625,0.9402585309071746,0.9455115513593603,0.9501176612471948,0.9541753987505737,0.9577659454650342,0.96095651311037,0.9638030211567131,0.9663522201967495,0.9686433817657942,0.9707096483978259,0.9725791167136177,0.9742757100691741,0.9758198847282527,0.9772292038309338,0.9785188059524711,0.9797017892696473,0.9807895278794673,0.9817919333434387,0.9827176718277446,0.9835743450980727
1.75e+10,0.14687541962742656,0.24517199379056354,0.3475115412178865,0.4448261055548426,0.5319800814450717,0.6070120027508621,0.6700026825364651,0.7220982185623747,0.764849778590545,0.7998382802985493,0.8284953943831845,0.8520399932372584,0.8714741440409065,0.887605350230511,0.9010772514871623,0.9124002492128905,0.921978555313465,0.9301326790191811,0.9371175063552645,0.9431365614965557,0.9483531376034299,0.9528989384307712,0.9568807751917953,0.9603857590035425,0.963485335349809,0.9662384288143672,0.9686939039339543,0.9708924994090138,0.9728683555782799,0.9746502266253275,0.9762624474119888,0.977725708492334,0.9790576804786497,0.9802735195331751,0.9813862786088432,0.9824072436043227,0.9833462094175379,0.984211707666254,0.9850111953610421,0.9857512118900115
2.00e+10,0.16524698997013032,0.2724541015362111,0.3811392954640135,0.48166446123668194,0.5693085981629347,0.6429166815207108,0.7033643177015567,0.7524090246846928,0.7920060629581539,0.8239718574947275,0.8498565627986968,0.870924321046286,0.888180517085812,0.902414216654594,0.914241024369599,0.9241405825976272,0.9324872345260585,0.9395742113485043,0.9456323388511287,0.9508443562239453,0.955355826017221,0.9592834392702156,0.962721347361677,0.9657460045761179,0.9684198872656173,0.9707943642469119,0.9729119239899173,0.9748079124252088,0.9765118966834098,0.9780487414646228,0.9794394634716752,0.9807019135099905,0.9818513240363862,0.9829007510803625,0.9838614327942948,0.9847430818482215,0.985554125055532,0.9863019006923663,0.9869928217304618,0.9876325114735409
