rho\delta_meV,1.00,1.20,1.40,1.60,1.80,2.00,2.20,2.40,2.60,2.80,3.00,3.20,3.40,3.60,3.80,4.00,4.20,4.40,4.60,4.80,5.00,5.20,5.40,5.60,5.80,6.00,6.20,6.40,6.60,6.80,7.00,7.20,7.40,7.60,7.80,8.00,8.20,8.40,8.60,8.80,9.00,9.20,9.40,9.60,9.80,10.00,10.20,10.40,10.60,10.80,11.00,11.20,11.40,11.60,11.80,12.00,12.20,12.40,12.60,12.80,13.00
0.600,nan,nan,nan,nan,nan,nan,nan,nan,nan,nan,nan,nan,nan,nan,nan,nan,nan,nan,nan,nan,nan,nan,nan,nan,nan,nan,nan,nan,nan,nan,nan,nan,nan,nan,nan,nan,nan,nan,nan,nan,nan,nan,nan,nan,nan,nan,nan,nan,nan,nan,nan,nan,nan,nan,nan,nan,nan,nan,nan,nan,nan
0.608,nan,nan,nan,nan,nan,nan,nan,nan,nan,nan,nan,nan,nan,nan,nan,nan,nan,nan,nan,nan,nan,nan,nan,nan,nan,nan,nan,nan,nan,nan,nan,nan,nan,nan,nan,nan,nan,nan,nan,nan,nan,nan,nan,nan,nan,nan,nan,nan,nan,nan,nan,nan,nan,nan,nan,nan,nan,nan,nan,nan,nan
0.616,nan,nan,nan,nan,nan,nan,nan,nan,nan,nan,nan,nan,nan,nan,nan,nan,nan,nan,nan,nan,nan,nan,nan,nan,nan,nan,nan,nan,nan,nan,nan,nan,nan,nan,nan,nan,nan,nan,nan,nan,nan,nan,nan,nan,nan,nan,nan,nan,nan,nan,nan,nan,nan,nan,nan,nan,nan,nan,nan,nan,nan
0.624,nan,nan,nan,nan,nan,nan,nan,nan,nan,nan,nan,nan,nan,nan,nan,nan,nan,nan,nan,nan,nan,nan,nan,nan,nan,nan,nan,nan,nan,nan,nan,nan,nan,nan,nan,nan,nan,nan,nan,nan,nan,nan,nan,nan,nan,nan,nan,nan,nan,nan,nan,nan,nan,nan,nan,nan,nan,nan,nan,nan,nan
0.632,nan,nan,nan,nan,nan,nan,nan,nan,nan,nan,nan,nan,nan,nan,nan,nan,nan,nan,nan,nan,nan,nan,nan,nan,nan,nan,nan,nan,nan,nan,nan,nan,nan,nan,nan,nan,nan,nan,nan,nan,nan,nan,nan,nan,nan,nan,nan,nan,nan,nan,nan,nan,nan,nan,nan,nan,nan,nan,nan,nan,nan
0.640,nan,nan,nan,nan,nan,nan,nan,nan,nan,nan,nan,nan,nan,nan,nan,nan,nan,nan,nan,nan,nan,nan,nan,nan,nan,nan,nan,nan,nan,nan,nan,nan,nan,nan,nan,nan,nan,nan,nan,nan,nan,nan,nan,nan,nan,nan,nan,nan,nan,nan,nan,nan,nan,nan,nan,nan,nan,nan,nan,nan,nan
0.648,nan,nan,nan,nan,nan,nan,nan,nan,nan,nan,nan,nan,nan,nan,nan,nan,nan,nan,nan,nan,nan,nan,nan,nan,nan,nan,nan,nan,nan,nan,nan,nan,nan,nan,nan,nan,nan,nan,nan,nan,nan,nan,nan,nan,nan,nan,nan,nan,nan,nan,nan,nan,nan,nan,nan,nan,nan,nan,nan,nan,nan
0.656,nan,nan,nan,nan,nan,nan,nan,nan,nan,nan,nan,nan,nan,nan,nan,nan,nan,nan,nan,nan,nan,nan,nan,nan,nan,nan,nan,nan,nan,nan,nan,nan,nan,nan,nan,nan,nan,nan,nan,nan,nan,nan,nan,nan,nan,nan,nan,nan,nan,nan,nan,nan,nan,nan,nan,nan,nan,nan,nan,nan,nan
0.664,nan,nan,nan,nan,nan,nan,nan,nan,nan,nan,nan,nan,nan,nan,nan,nan,nan,nan,nan,nan,nan,nan,nan,nan,nan,nan,nan,nan,nan,nan,nan,nan,nan,nan,nan,nan,nan,nan,nan,nan,nan,nan,nan,nan,nan,nan,nan,nan,nan,nan,nan,nan,nan,nan,nan,nan,nan,nan,nan,nan,nan
0.672,nan,nan,nan,nan,nan,nan,nan,nan,nan,nan,nan,nan,nan,nan,nan,nan,nan,nan,nan,nan,nan,nan,nan,nan,nan,nan,nan,nan,nan,nan,nan,nan,nan,nan,nan,nan,nan,nan,nan,nan,nan,nan,nan,nan,nan,nan,nan,nan,nan,nan,nan,nan,nan,nan,nan,nan,nan,nan,nan,nan,nan
0.680,nan,nan,nan,nan,nan,nan,nan,nan,nan,nan,nan,nan,nan,nan,nan,nan,nan,nan,nan,nan,nan,nan,nan,nan,nan,nan,nan,nan,nan,nan,nan,nan,nan,nan,nan,nan,nan,nan,nan,nan,nan,nan,nan,nan,nan,nan,nan,nan,nan,nan,nan,nan,nan,nan,nan,nan,nan,nan,nan,nan,nan
0.688,nan,nan,nan,nan,nan,nan,nan,nan,nan,nan,nan,nan,nan,nan,nan,nan,nan,nan,nan,nan,nan,nan,nan,nan,nan,nan,nan,nan,nan,nan,nan,nan,nan,nan,nan,nan,nan,nan,nan,nan,nan,nan,nan,nan,nan,nan,nan,nan,nan,nan,nan,nan,nan,nan,nan,nan,nan,nan,nan,nan,nan
0.696,nan,nan,nan,nan,nan,nan,nan,nan,nan,nan,nan,nan,nan,nan,nan,nan,nan,nan,nan,nan,nan,nan,nan,nan,nan,nan,nan,nan,nan,nan,nan,nan,nan,nan,nan,nan,nan,nan,nan,nan,nan,nan,nan,nan,nan,nan,nan,nan,nan,nan,nan,nan,nan,nan,nan,nan,nan,nan,nan,nan,nan
0.704,nan,nan,nan,nan,nan,nan,nan,nan,nan,nan,nan,nan,nan,nan,nan,nan,nan,nan,nan,nan,nan,nan,nan,nan,nan,nan,nan,nan,nan,nan,nan,nan,nan,nan,nan,nan,nan,nan,nan,nan,nan,nan,nan,nan,nan,nan,nan,nan,nan,nan,nan,nan,nan,nan,nan,nan,nan,nan,nan,nan,nan
0.712,57.04326853137172,61.0686711458402,64.68638431072759,68.01648505702906,71.13115097138507,74.07753615434922,76.88833163098025,79.5872349669371,82.19203199377807,84.71644891293545,87.17132387061429,89.5653795866674,91.90575082263967,94.19835516040621,96.44816023630847,98.65938056250161,100.83562526309106,102.98001083410054,105.0952484942245,107.18371275959362,109.2474959242536,111.28845181707584,113.30823128945485,115.30831126160047,117.29001868759224,119.25455048457661,121.20299021647952,123.13632215688995,125.05544321048365,126.96117307776876,128.85426296696824,130.73540309896634,132.6052291990345,134.4643281391618,136.31324286076415,138.15247668825032,139.98249711781682,141.80373916281678,143.61660831018526,145.4214831499703,147.21871771202132,149.00864355334488,150.79157162715273,152.56779396008642,154.33758515994123,156.10120377621206,157.85889352821687,159.6108844185801,161.3573937430483,163.0986270079884,164.8347787665407,166.5660333806154,168.29256572046143,170.0145417999156,171.73211936435837,173.44544842607866,175.1546717610472,176.8599253610446,178.56133885779127,180.25903590659436,181.9531345488067
0.720,68.46122289470804,73.40378523962863,77.96580245062069,82.24964517111948,86.32018171199888,90.22138303260726,93.98457136221987,97.63292579409608,101.18412580490985,104.65199156910239,108.04754875325307,111.3797458801564,114.65595293218212,117.88231722482305,121.06402328003605,124.20548641913047,127.31049952503236,130.38234604250465,133.42388819645566,136.43763672407658,139.42580661673856,142.3903621337813,145.33305349449802,148.25544703715423,151.15895020785683,154.04483241027629,156.91424252172874,159.76822369649017,162.60772595198068,165.43361692373583,168.2466911039519,171.0476778140728,173.83724811572756,176.61602082308673,179.384567761168,182.14341837224492,184.89306377213506,187.63396033165918,190.3665328479692,193.09117736174085,195.80826366752444,198.51813755546755,201.22112281770387,203.91752305232512,206.60762328347482,209.29169142367027,211.96997959651344,214.64272533114126,217.31015264998132,219.97247305473138,222.6298864249402,225.28258183751313,227.9307383181149,230.57452552333416,233.21410437214945,235.84962762215582,238.4812403984979,241.10908068458957,243.73327977083682,246.35396266968746,248.9712485011696
0.728,75.18803018903418,80.81665993428032,86.06436969478091,91.03116852453968,95.78139017384092,100.35910471870739,104.79594538021774,109.11545408643724,113.33566333710041,117.47071430996584,121.53191574876837,125.52846211426368,129.46793551366136,133.35666562819097,137.199993597329,141.00246926881664,144.76800117046514,148.49997227497806,152.20133057008206,155.87466078532452,159.52224182103237,163.14609318961448,166.7480129137257,170.32960871099203,173.89232385308424,177.43745875776222,180.96618913793645,184.47958135018416,187.9786054436554,191.4641463195003,194.93701331560442,198.39794847769372,201.8476337313332,205.2866971220501,208.71571826811123,212.1352331405942,215.54573827063723,218.94769446180726,222.34153007795976,225.72764396296407,229.10640803996648,232.47816963218793,235.84325354119937,239.20196391029458,242.5545859013364,245.9013872062642,249.24261940990982,252.57851922720147,255.90930962156563,259.23520082193136,262.55639125082234,265.8730683661852,269.1854094320879,272.49358222547744,275.7977456801309,279.0980504802865,282.3946396024403,285.68764881968673,288.9772071583866,292.26343732759415,295.5464561087574
0.736,80.25231125422579,86.44791239917686,92.25950758975523,97.786876822458,103.0946832146874,108.22744686836086,113.21723713063693,118.08797989787126,122.8580335360457,127.54181160488224,132.15084918377397,136.69452851793903,141.1805875996215,145.61548571263847,150.00467194760859,154.35278623698105,158.66381240963528,162.94119646302715,167.1879391839757,171.4066695507936,175.59970354095276,179.76909170554427,183.91665801180352,188.04403180799272,192.1526743366412,196.243900871792,200.31889933078492,204.37874600755458,208.42441895221418,212.45680940856982,216.4767316349462,220.484931380357,224.48209322713956,228.46884698090435,232.44577325119462,236.4134083409008,240.37224854885426,244.3227539642976,248.2653518247389,252.20043949810497,256.1283871349733,260.0495400355285,263.9642207679426,267.8727310680697,271.7753535446682,275.67235321852786,279.5639789087436,283.4504644888366,287.33203002369555,291.20888280247163,295.08121827650757,298.9492209166783,302.8130649924133,306.6729152860207,310.5289277460979,314.3812500853237,318.23002233133593,322.07537733031495,325.9174412138673,329.7563338273176,333.5921691235708
0.744,84.42525300268608,91.1151537666301,97.41768804077583,103.43300924605865,109.22630758692685,114.84259602455131,120.31436116537952,125.66587037251156,130.91575811874645,136.07866050991288,141.16629209449457,146.18818014902354,151.15218016113795,156.06484682955488,160.93170688491955,165.7574635216588,170.54615214718797,175.3012608008139,180.02582449185138,184.72249998689222,189.39362573473772,194.0412703553302,198.66727222346526,203.27327204660105,207.8607398816821,212.43099769084074,216.98523829899204,221.52454141656926,226.04988726276497,230.56216820281406,235.0621987432387,239.5507241483865,244.02842790943396,248.49593823232863,252.95383370925265,257.40264828181535,261.84287560493976,266.2749728969502,270.6993643424503,275.11644411344605,279.5265790544945,283.9301110784145,288.3273593092599,292.7186220005533,297.1041782601824,301.4842896023911,305.85920134843036,310.2291438913817,314.5943338433135,318.9549750746082,323.31125965832325,327.6633687332069,332.0114732861257,336.35573487017245,340.69630625996797,345.0333320528589,349.36694921979506,353.6972876119398,358.0244704264187,362.348614635368,366.6698313816887
0.752,88.03196012978151,95.16645056962443,101.9104158962873,108.36458975017013,114.59472715445736,120.64631264437048,126.55220940169238,132.33698139533226,138.01949608438008,143.61457285714278,149.13407087231462,154.58763185421412,159.9832021106995,165.32740854476287,170.6258353364392,175.883231370055,181.10366832050204,186.29066290789342,191.4472726877866,196.5761719931761,201.67971278524783,206.75997388463293,211.81880115934473,216.85784059103753,221.87856569061114,226.882300383455,231.87023823340132,236.84345868944365,241.8029408920993,246.74957546354563,251.68417462961224,256.60748094112205,261.5201748310501,266.42288117737917,271.3161750332074,276.2005866436666,281.076605852184,285.9446859853779,290.805247286582,295.6586799623183,300.5053468874976,305.34558601853496,310.1797125503217,315.00802084580937,319.8307861718786,324.6482662573835,329.4607027006132,334.2683222390333,339.071337899848,343.86995004197524,348.6643473045697,353.4547074673901,358.2411982385238,363.0239779690892,367.8031963111862,372.5789948160673,377.35150748804153,382.1208612857881,386.887176590375,391.6505676324159,396.41114288517565
0.760,91.24292050297663,98.78547644637001,105.9346464160044,112.79181301487552,119.42328433449438,125.87498056965705,132.18010067169962,138.3634662763361,144.44414290953137,150.437102754644,156.3543232727825,162.2055380538659,167.99876486694848,173.74068621844344,179.43692948420357,185.09227698067843,190.71082608670986,196.2961130823387,201.8512101807719,207.3788024457608,212.88124941986462,218.36063497165742,223.81880798043858,229.25741580051545,234.6779319987836,240.08167950330244,245.46985003761074,250.8435205437563,256.2036671286478,261.5511769726145,266.88685854409414,272.211450403076,277.52562881879567,282.8300143882079,288.1251778103615,293.4116449343419,298.6899012003414,303.9603955430939,309.22354384961363,314.47973201626155,319.72931866945873,324.9726375882601,330.20999986662355,335.4416958535876,340.6679968880053,345.88915686339897,351.1054136361781,356.31699029651645,361.5240963204269,366.7269286102237,371.92567244342354,377.12050233273476,382.3115828099981,387.4990691427811,392.68310798816674,397.8638379913027,403.04139033363026,408.2158892360894,413.3874524229759,418.5561915468279,420.0
0.768,94.15967612744134,102.08212512834871,109.60862460559292,116.84121883240005,123.84674086894665,130.67150923139707,137.34902212534507,143.9043261862098,150.35665677853103,156.7211148377246,163.00977575847355,169.23244776738284,175.3972055089398,181.5107747232105,187.5788154713082,193.60613454664417,199.59684738783108,205.5545032973314,211.4821835411276,217.3825791049021,223.258052977224,229.11069052039238,234.94234056225105,240.75464919455408,246.5490877719858,252.32697627185553,258.0895028994273,263.8377406490472,269.57266136021644,275.295147715442,281.00600352983747,286.70596261018363,292.39569642218703,298.07582074603124,303.74690147874935,309.40945971205656,315.063976186284,320.7108952142444,326.3506281454029,331.9835564369423,337.6100343767466,343.2303915135417,348.84493482143444,354.4539506397123,360.0577064121171,365.65645224905165,371.25042233655404,376.83983620528306,382.4248998795665,388.0058069193765,393.5827393639338,399.1558685898053,404.7253560937097,410.29135420495004,415.85400673655386,420.0,420.0,420.0,420.0,420.0,420.0
0.776,96.84803124323662,105.12786594765203,113.009459089124,120.59550479789323,127.95332836911257,135.12961169744085,142.15812048404769,149.06409900785366,155.8669293892308,162.581821984626,169.22093397054414,175.79413469713472,182.30954436068714,188.77392242055794,195.19295360664546,201.57146242064482,207.91357663045346,214.22285369991732,220.50237981961982,226.75484838533157,232.98262284228986,239.1877874975762,245.37218896076956,251.53747021434538,257.6850988302467,263.8163905013498,269.9325287875399,276.0345817812631,282.1235162536468,288.2002097208315,294.265460786919,300.31999804957013,306.3644877982879,312.39954069834494,318.4257176132087,324.44353469826456,330.45346786685695,336.4559567221004,342.4514080282388,348.44019878398103,354.4226789500244,360.3991738769255,366.3699864726659,372.33539914018183,378.29567551436776,384.2510620227695,390.2017892907752,396.1480734106008,402.0901170839061,408.0281106618786,413.9622330850543,419.8926527395233,420.0,420.0,420.0,420.0,420.0,420.0,420.0,420.0,420.0
0.784,99.3532837456296,107.97203864874609,116.19050100840104,124.1119921157806,131.8042966178764,139.31442818768846,146.67639254695678,153.91560854368436,161.0515859133593,168.0996286165464,175.07196253126313,181.97850729375205,188.82741964624438,195.62548526092723,202.37840726457944,209.09102260963118,215.76746698057104,222.4113022887468,229.02561652266013,235.61310285031504,242.176122950812,248.71675820318342,255.23685141913302,261.73804114384984,268.22179005380895,274.6894086274697,281.14207500334305,287.58085173105064,294.0066999874398,300.4204916939925,306.8230199021491,313.2150077291735,319.5971160810295,325.96995035560394,332.3340662757255,338.68997499461693,345.03814756571956,351.3790188801795,357.7129911400989,364.0404369299795,370.36170194538136,376.67710741890187,382.9869522847148,389.2915151115594,395.59105583860946,401.8858173312474,408.17602678247204,414.4618969758303,420.0,420.0,420.0,420.0,420.0,420.0,420.0,420.0,420.0,420.0,420.0,420.0,420.0
0.792,101.70806456789433,110.65027193287096,119.19034803150862,127.4322141084267,135.4440828611987,143.27327148865152,150.95400190046348,158.51184786601516,165.96643065642274,173.33313468530832,180.6242437556648,187.84971893379407,195.01774620269134,202.1351314077765,209.207591058439,216.23997039069945,223.23640953087306,230.20047194078506,237.1352449850383,244.04341958234727,250.92735395823547,257.78912515471166,264.63057101499,271.4533246753708,278.2588431136246,285.04843093546515,291.8232603188808,298.5843878393498,305.3327687332494,312.06926905839646,318.7946761088824,325.50970737174794,332.2150182676414,338.9112088627444,345.5988297120057,352.27838696610706,358.95034684469283,365.61513957385614,372.273162855985,378.9247849423409,385.5703473549074,392.21016731009877,398.8445398776239,405.47373991082713,412.09802377688175,418.7176309061324,420.0,420.0,420.0,420.0,420.0,420.0,420.0,420.0,420.0,420.0,420.0,420.0,420.0,420.0,420.0
0.800,103.93672841896478,113.18921325007977,122.0379148984066,130.5873259621585,138.90605806904205,147.0417067475064,155.02868930825207,162.8927175509889,170.65351061079127,178.326522270203,185.9240852486837,193.45619468974473,200.93105980062683,208.3555016526807,215.73524606648425,223.07514319774054,230.37933483372035,237.65138368522457,244.89437458683096,252.11099463251594,259.3035972900543,266.4742541914311,273.62479732943757,280.7568537118641,287.8718740328477,294.97115655431116,302.0558671240724,309.1270560502453,316.18567240853736,323.23257623078825,330.2685489398573,337.29430232294544,344.31048628019926,351.31769554193306,358.3164755160251,365.3073273929913,372.2907126192149,379.26705683027103,386.2367533181241,393.2001660968963,400.15763262131077,407.109466205482,414.05595817307767,420.0,420.0,420.0,420.0,420.0,420.0,420.0,420.0,420.0,420.0,420.0,420.0,420.0,420.0,420.0,420.0,420.0,420.0
0.808,106.05797797940613,115.60936306788062,124.75547792455473,133.60135806219478,142.21598722499039,150.6472167660104,158.92964114841016,167.08909555365972,175.145385228112,183.11402387470298,191.00738550031383,198.83549314569973,206.6065742121864,214.32746089612192,222.0038849714183,229.64069876134454,237.24204345764883,244.81147916543705,252.35208666943072,259.8665479914489,267.35721082527016,274.8261405638914,282.2751626800018,289.7058975141117,297.11978905108117,304.5181288753374,311.9020762464934,319.27267501650203,326.63086796457355,333.9775090084149,341.31337364971114,348.6391679584194,355.9555363243999,363.2630681765295,370.5623038266931,377.8537395737221,385.13783217170567,392.4150027580181,399.6856403140846,406.9501047247177,414.2087294920202,420.0,420.0,420.0,420.0,420.0,420.0,420.0,420.0,420.0,420.0,420.0,420.0,420.0,420.0,420.0,420.0,420.0,420.0,420.0,420.0
0.816,108.08651532146905,117.92686253126885,127.36059857365035,136.4932743683894,145.3942211803951,154.11152602433867,162.6799443951022,171.12542204272177,179.46784013057186,187.72276414102816,195.90260284223768,204.0174019146507,212.07540270632308,220.0834450933471,228.04726400318032,235.971711651262,243.86092677763372,251.71846537133388,259.54740294061776,267.3504154416005,275.12984398969274,282.88774709608697,290.6259432007064,298.34604557535204,306.0494911827118,313.73756469589716,321.41141861530195,329.07209021753806,336.7205159126752,344.3575434649392,351.9839424503007,359.60041324076883,367.20759475602244,374.806071180632,382.39637780388875,389.9790061169333,397.554408275013,405.12300101794244,412.6851691236807,420.0,420.0,420.0,420.0,420.0,420.0,420.0,420.0,420.0,420.0,420.0,420.0,420.0,420.0,420.0,420.0,420.0,420.0,420.0,420.0,420.0,420.0
0.824,110.03412575412949,120.15466906099755,129.86739036078507,139.27832976593345,148.4571435192338,157.45213616151887,166.298209889399,175.02140973151836,183.64168385019002,192.17464243360155,200.63272337148373,209.02599047291733,217.36269540658395,225.64968280859466,233.89268840359,242.09656239343167,250.26543952808424,258.4028704410448,266.51192436336714,274.59527038525266,282.65524240660307,290.6938915547362,298.7130288429471,306.71426017467456,314.6990152668295,322.66857171851734,330.62407516308303,338.5665562355862,346.49694494555297,354.41608290562,362.32473378912255,370.22359231438895,378.1132919918309,385.99441183586896,393.8674821975728,401.73298985384463,409.5913824613526,417.44307246753306,420.0,420.0,420.0,420.0,420.0,420.0,420.0,420.0,420.0,420.0,420.0,420.0,420.0,420.0,420.0,420.0,420.0,420.0,420.0,420.0,420.0,420.0,420.0
0.832,111.91041445046721,122.30335675105744,132.2873825913557,141.96899649001716,151.41815899354697,160.6833757886634,169.79968296240258,178.79321480634098,187.68397862302663,196.48762311022438,205.21661037053855,213.88101843370532,222.48910617067304,231.04772048008454,239.5625958826713,248.0385789602442,256.4797991874366,264.8898008119577,273.2716459704243,281.6279962382541,289.9611777924729,298.2732339803915,306.5659680916724,314.8409784381656,323.0996873324766,331.343365194145,339.57315072514757,347.7900678936421,355.99504031088145,364.18890346250555,372.3724151657516,380.54626454580284,388.7110797783389,396.86743479238066,405.015855092337,413.1568228399992,420.0,420.0,420.0,420.0,420.0,420.0,420.0,420.0,420.0,420.0,420.0,420.0,420.0,420.0,420.0,420.0,420.0,420.0,420.0,420.0,420.0,420.0,420.0,420.0,420.0
0.840,113.72332208736043,124.38167754163442,134.63012668363808,144.5756151057867,154.2883886628697,163.81713933309948,173.19702557886194,182.45426201577357,191.6089081166574,200.67664562359278,209.66995654605853,218.59892972891976,227.47182854094717,236.29549999201845,245.07567568654486,253.81719722384878,262.5241877185035,271.20018417622487,279.84824096421653,288.471011615693,297.07081417807785,305.6496839122119,314.2094161563582,322.7516014677094,331.27765464749245,339.78883887249685,348.2862858853332,356.77101298801426,365.2439374196256,373.70588858459087,382.1576185030717,390.59981078126293,399.03308834259224,407.45802012034983,415.8751268702763,420.0,420.0,420.0,420.0,420.0,420.0,420.0,420.0,420.0,420.0,420.0,420.0,420.0,420.0,420.0,420.0,420.0,420.0,420.0,420.0,420.0,420.0,420.0,420.0,420.0,420.0
0.848,115.47949503503332,126.39696467695467,136.90363257598074,147.1068634827534,157.0771710692352,166.86342008064094,176.50088095424871,186.01584060869936,195.42840446664195,204.75428246591764,214.0059727231128,223.19357190887968,232.3253455308004,241.40813884510135,250.44767906506604,259.44880164296774,268.4156224165781,277.35167043113324,286.25999172484444,295.1432313600526,304.00369893071183,312.8434213705623,321.66418589545356,330.46757519479434,339.25499648995174,348.02770568242704,356.7868275554647,365.5333727676334,374.2682522278483,382.99228931796097,391.70623033294396,400.4107534398354,409.1064763987233,417.793963240998,420.0,420.0,420.0,420.0,420.0,420.0,420.0,420.0,420.0,420.0,420.0,420.0,420.0,420.0,420.0,420.0,420.0,420.0,420.0,420.0,420.0,420.0,420.0,420.0,420.0,420.0,420.0
0.856,117.1845570118312,128.3554291608889,139.11468972482544,149.5701020386041,159.7924314467964,169.83070310358016,179.72028998432506,189.4875440766482,199.15261117539194,208.7312250869727,218.23589666323096,227.676727761238,237.06198395781394,246.39850713089982,255.69201882496418,264.94734734525264,274.16860047333466,283.3592986882286,292.52247923718824,301.6607783605723,310.77649694007414,319.8716533973202,328.94802670126955,338.0071915967419,347.05054768589616,356.0793435904052,365.0946971515514,374.09761242456443,383.0889940441848,392.0696594374167,401.04034925122687,410.0017363001389,418.9544332713267,420.0,420.0,420.0,420.0,420.0,420.0,420.0,420.0,420.0,420.0,420.0,420.0,420.0,420.0,420.0,420.0,420.0,420.0,420.0,420.0,420.0,420.0,420.0,420.0,420.0,420.0,420.0,420.0
0.864,118.84331228605879,130.26238178471976,141.26910773517739,151.97163274347258,162.44095889029268,172.72626040417526,182.8630042020959,192.8776007868728,202.7902312976512,212.61664953133732,222.3693760671449,232.05851560847077,241.69233197507856,251.27766224175866,260.820221174843,270.32482907029043,279.79558498643746,289.2360003268259,298.6491031614569,308.03752062456624,317.40354467938596,326.749185096196,336.0762125066394,345.38619366478815,354.68052054072905,363.96043448765704,373.22704644121404,382.4813539036113,391.72425529973407,400.956562176274,410.1790096161858,419.39226516925555,420.0,420.0,420.0,420.0,420.0,420.0,420.0,420.0,420.0,420.0,420.0,420.0,420.0,420.0,420.0,420.0,420.0,420.0,420.0,420.0,420.0,420.0,420.0,420.0,420.0,420.0,420.0,420.0,420.0
0.872,120.4599002663017,132.12240222528635,143.37189979215327,154.31689670517517,165.0286179252289,175.55637632637809,185.93572490623046,196.19312672039086,206.3487937037862,216.41849614937382,226.4147616695118,236.34769572770165,246.22555877071864,256.05518181635125,265.8422718830843,275.5916405107273,285.3073774638324,294.99298463952437,304.65148060971114,314.2854831713339,323.8972752076079,333.48885773342045,343.0619929840759,352.6182396986842,362.158982221692,371.6854546658142,381.19876110683254,390.69989255409746,400.1897412949038,409.6691130747058,419.1387374979531,420.0,420.0,420.0,420.0,420.0,420.0,420.0,420.0,420.0,420.0,420.0,420.0,420.0,420.0,420.0,420.0,420.0,420.0,420.0,420.0,420.0,420.0,420.0,420.0,420.0,420.0,420.0,420.0,420.0,420.0
0.880,122.0379148984066,133.93946978072927,145.42742459361034,156.61062715041044,167.5605124116555,178.326522270203,188.94428858991887,199.4403215370112,209.83485970796028,220.1436867329321,230.37933483372035,240.55190836753172,250.66966297042381,260.7394224957534,270.7668853643845,280.7568537118641,290.7134075182403,300.64003880987,310.5397563949664,320.41516854475776,330.2685489398573,340.10188976295467,349.91694481858576,359.7152648271149,369.49822652664443,379.26705683027103,389.0228530095337,398.7665996482683,408.4991829703358,418.22140300470346,420.0,420.0,420.0,420.0,420.0,420.0,420.0,420.0,420.0,420.0,420.0,420.0,420.0,420.0,420.0,420.0,420.0,420.0,420.0,420.0,420.0,420.0,420.0,420.0,420.0,420.0,420.0,420.0,420.0,420.0,420.0
0.888,123.58049812052923,135.7170658060495,147.43949764173885,158.85696946039388,170.0411142179073,181.04149391730607,191.89381264489202,202.62462269196112,213.25418554666976,223.7982953107712,234.26948662598443,244.6778610682668,255.03166817883903,265.33772366632184,275.6017166067177,285.82843916529964,296.02196111802186,306.185764310605,316.3228475673677,326.43580948551244,336.526914446571,346.59814575147175,356.6512487584696,366.68776618015545,376.70906718044716,386.7163715239003,396.71076973759045,406.69324005286035,416.664662709969,420.0,420.0,420.0,420.0,420.0,420.0,420.0,420.0,420.0,420.0,420.0,420.0,420.0,420.0,420.0,420.0,420.0,420.0,420.0,420.0,420.0,420.0,420.0,420.0,420.0,420.0,420.0,420.0,420.0,420.0,420.0,420.0
0.896,125.0904139129998,137.4582549485931,149.41147956579516,161.05957648738695,172.47436545185337,183.70552030242106,194.78881121515587,205.75082802386896,216.61185165935603,227.38768408623582,238.09086038284295,248.7314778354048,259.31777874012187,269.85656978840416,280.3535300526855,290.8134412368672,301.2403625492152,311.6377653937525,322.0086384300521,332.355570461732,342.68081650276145,352.98635094317433,363.2739106926747,373.5450304802944,383.8010719407903,394.04324774276756,404.2726417392114,414.49022588274966,420.0,420.0,420.0,420.0,420.0,420.0,420.0,420.0,420.0,420.0,420.0,420.0,420.0,420.0,420.0,420.0,420.0,420.0,420.0,420.0,420.0,420.0,420.0,420.0,420.0,420.0,420.0,420.0,420.0,420.0,420.0,420.0,420.0
0.904,126.57010761600395,139.16575027756335,151.34634698474838,163.221685070268,174.86376056280278,186.3223514493875,197.63328831833496,208.82319432131771,219.91236666876648,230.9166128041834,241.8484664415737,252.7180192119704,263.5335051370639,274.3017211127881,285.0283356257278,295.71811948860704,306.37512102948676,317.00280099011434,327.6041377181391,338.1817101305205,348.7377638271282,359.2742642704543,369.7929399379209,380.29531760867394,390.78275143560313,401.2564470568177,411.7174817200721,420.0,420.0,420.0,420.0,420.0,420.0,420.0,420.0,420.0,420.0,420.0,420.0,420.0,420.0,420.0,420.0,420.0,420.0,420.0,420.0,420.0,420.0,420.0,420.0,420.0,420.0,420.0,420.0,420.0,420.0,420.0,420.0,420.0,420.0
0.912,128.0217539236328,140.84196602333395,153.24674992110522,165.34617806498136,177.21241293182538,188.8953294763196,200.43081342709775,211.8455173510156,223.1597518267372,234.3893275947048,245.54677536255622,256.6421798715746,267.6837659385783,278.6783199697529,289.6314993524138,300.548063630893,311.4320499840396,322.2869083078258,333.1156065157702,343.92071356969245,354.7044656243379,365.46881921692693,376.2154944145441,386.94601008958125,397.66171296943503,408.36380172641657,419.0533470779628,420.0,420.0,420.0,420.0,420.0,420.0,420.0,420.0,420.0,420.0,420.0,420.0,420.0,420.0,420.0,420.0,420.0,420.0,420.0,420.0,420.0,420.0,420.0,420.0,420.0,420.0,420.0,420.0,420.0,420.0,420.0,420.0,420.0,420.0
0.920,129.44729606957117,142.48906067262578,155.11505874693103,167.43563508654188,179.52310936925642,191.42744680964097,203.18458337134507,214.82119741976203,226.3576102177758,237.80963379827153,249.1897943646327,260.50816864431545,271.7729714127345,282.9909779646987,294.1678341304505,305.3082878582791,316.41636494778504,327.4955042917718,338.54866327579657,349.57840085546195,360.5869437248766,371.5762395084748,382.5479998962983,393.50373590127856,404.4447868869902,415.3723446303193,420.0,420.0,420.0,420.0,420.0,420.0,420.0,420.0,420.0,420.0,420.0,420.0,420.0,420.0,420.0,420.0,420.0,420.0,420.0,420.0,420.0,420.0,420.0,420.0,420.0,420.0,420.0,420.0,420.0,420.0,420.0,420.0,420.0,420.0,420.0
0.928,130.84847809276835,144.10897247587855,156.9534028852504,169.49237436284602,181.7983550827048,193.92139423602202,205.897473447214,217.75329352387052,229.50918392847234,241.18095614491904,252.78113049779495,264.3197746806982,275.8050926694268,287.24384808972536,298.64167481182085,310.00330889852194,321.3327645719255,332.63346959454066,343.90837074753654,355.1600169470039,366.3906254241447,377.60213491103787,388.7962487623008,399.9744701858872,411.13813124511216,420.0,420.0,420.0,420.0,420.0,420.0,420.0,420.0,420.0,420.0,420.0,420.0,420.0,420.0,420.0,420.0,420.0,420.0,420.0,420.0,420.0,420.0,420.0,420.0,420.0,420.0,420.0,420.0,420.0,420.0,420.0,420.0,420.0,420.0,420.0,420.0
0.936,132.22687160871283,145.70344892713183,158.7637029610778,171.51848751977377,184.04041106595832,196.37960086973908,208.57207994435157,220.6445684128994,232.61740164087678,244.50638885948865,256.32404325726384,268.0804225613101,279.7837192626175,291.4406848173094,303.0569407754083,314.6372110637749,326.1854981578799,337.70521858400025,349.1993084614078,360.67030664700724,372.12042091628246,383.5515811411169,394.9654823853489,406.3636201105983,417.74731914726726,420.0,420.0,420.0,420.0,420.0,420.0,420.0,420.0,420.0,420.0,420.0,420.0,420.0,420.0,420.0,420.0,420.0,420.0,420.0,420.0,420.0,420.0,420.0,420.0,420.0,420.0,420.0,420.0,420.0,420.0,420.0,420.0,420.0,420.0,420.0,420.0
0.944,133.58389817860734,147.27407141918957,160.547697700953,173.51586869558378,186.25132540213235,198.80426762717252,211.2107557705749,223.49752635842015,235.68491852229636,247.7887376728322,259.8214887021022,271.7932185209502,283.71210751241597,295.58489451427886,307.41718843778654,319.2137008528953,330.9784223454335,342.7147581191821,354.4256335898972,366.11357754697383,377.78078832909523,389.4291869835142,401.06046033512393,412.6760961605032,420.0,420.0,420.0,420.0,420.0,420.0,420.0,420.0,420.0,420.0,420.0,420.0,420.0,420.0,420.0,420.0,420.0,420.0,420.0,420.0,420.0,420.0,420.0,420.0,420.0,420.0,420.0,420.0,420.0,420.0,420.0,420.0,420.0,420.0,420.0,420.0,420.0
0.952,134.9208481269743,148.82227598967438,162.30696658247325,175.48623906781722,188.4329596482712,201.1973954464047,213.81564049511508,226.31444500350335,238.71414988367178,251.03055526978278,263.2761566927802,275.46098946822167,287.5932213059423,299.679578020543,311.7256556011125,323.7361530703929,335.7150490019849,347.6657372094487,359.59113237627025,371.49375322698324,383.37578868881974,395.2391510267771,407.0855188820424,418.9163724116079,420.0,420.0,420.0,420.0,420.0,420.0,420.0,420.0,420.0,420.0,420.0,420.0,420.0,420.0,420.0,420.0,420.0,420.0,420.0,420.0,420.0,420.0,420.0,420.0,420.0,420.0,420.0,420.0,420.0,420.0,420.0,420.0,420.0,420.0,420.0,420.0,420.0
0.960,136.23889646564203,150.34937089083542,164.04294902457332,177.43116764134902,190.58701120073965,203.5608092178445,216.38868583350268,229.09740239354142,241.70729974044662,254.23417138271907,266.69050250835426,279.0863161217858,291.42976674698,303.7275668121438,315.9852991314692,328.20765001476684,340.3985859212553,352.5614892209269,364.69926384948485,376.8144184768171,388.90913265124254,400.98530990279687,413.0446207483619,420.0,420.0,420.0,420.0,420.0,420.0,420.0,420.0,420.0,420.0,420.0,420.0,420.0,420.0,420.0,420.0,420.0,420.0,420.0,420.0,420.0,420.0,420.0,420.0,420.0,420.0,420.0,420.0,420.0,420.0,420.0,420.0,420.0,420.0,420.0,420.0,420.0,420.0
0.968,137.53911644963955,151.85655155630957,165.75696073753352,179.3520889653737,192.7150323670794,205.8961781977123,218.9316773898172,231.84830003893876,244.66638519191474,257.40171847962483,270.06677383756323,282.67156130562944,295.22422175352403,307.7314538942737,320.1988271462178,332.63101496094896,345.0319715996884,357.4050679476204,369.75319718736864,382.078857953471,394.38422045279003,406.67117953261186,418.9413976449141,420.0,420.0,420.0,420.0,420.0,420.0,420.0,420.0,420.0,420.0,420.0,420.0,420.0,420.0,420.0,420.0,420.0,420.0,420.0,420.0,420.0,420.0,420.0,420.0,420.0,420.0,420.0,420.0,420.0,420.0,420.0,420.0,420.0,420.0,420.0,420.0,420.0,420.0
0.976,138.8224911736179,153.34491340674867,167.4502077279758,181.25031831696106,194.81844671109866,208.20503350558283,221.44625329873816,234.5688826963742,247.59325733564037,260.5351538052346,273.40703394783486,286.21889423685207,298.9788614624558,311.69362032775825,324.3687266558554,337.0088409182936,349.6179051075451,362.1992785975017,374.7558438192209,387.2900893979968,399.8041762419889,412.2999905694596,420.0,420.0,420.0,420.0,420.0,420.0,420.0,420.0,420.0,420.0,420.0,420.0,420.0,420.0,420.0,420.0,420.0,420.0,420.0,420.0,420.0,420.0,420.0,420.0,420.0,420.0,420.0,420.0,420.0,420.0,420.0,420.0,420.0,420.0,420.0,420.0,420.0,420.0,420.0
0.984,140.08992354590737,154.81546287644596,169.1237983508181,183.1270647711499,196.89856313202472,210.4887832020031,223.9339202936826,237.26075541951286,250.48961929733923,263.63627838705725,276.71318166215497,289.7303114756505,302.69578014961735,315.61625811127305,328.49728741632134,341.3435154469189,354.1588718730636,366.9467045391939,379.70988513539487,392.45089231025486,405.1718777182541,417.87471900765377,420.0,420.0,420.0,420.0,420.0,420.0,420.0,420.0,420.0,420.0,420.0,420.0,420.0,420.0,420.0,420.0,420.0,420.0,420.0,420.0,420.0,420.0,420.0,420.0,420.0,420.0,420.0,420.0,420.0,420.0,420.0,420.0,420.0,420.0,420.0,420.0,420.0,420.0,420.0
0.992,141.3422449061909,156.26912693829217,170.7787537350814,184.983442509445,198.9565880466107,212.74872533437156,226.3960676149436,239.9253983237286,253.35704184537462,266.70675349964586,279.986968668949,293.2076550762722,306.3769102225924,319.50139002011565,332.58662260240817,345.6372421725682,358.65716603460896,371.64973049519176,384.6177965215902,397.563832820495,410.4899818449194,420.0,420.0,420.0,420.0,420.0,420.0,420.0,420.0,420.0,420.0,420.0,420.0,420.0,420.0,420.0,420.0,420.0,420.0,420.0,420.0,420.0,420.0,420.0,420.0,420.0,420.0,420.0,420.0,420.0,420.0,420.0,420.0,420.0,420.0,420.0,420.0,420.0,420.0,420.0,420.0
1.000,142.58022250131762,157.70676137563714,172.41601683590852,186.82048064480477,200.99363597611955,214.9860592836485,228.83397910212807,242.5641794246476,256.19697697389347,269.74811498513736,283.2300145804038,296.65262838425406,310.02403875232267,323.35088686803647,336.63868680661835,349.89205951719487,363.11490990449965,376.3105627377954,389.4818682846235,402.6312853513955,415.7609472411132,420.0,420.0,420.0,420.0,420.0,420.0,420.0,420.0,420.0,420.0,420.0,420.0,420.0,420.0,420.0,420.0,420.0,420.0,420.0,420.0,420.0,420.0,420.0,420.0,420.0,420.0,420.0,420.0,420.0,420.0,420.0,420.0,420.0,420.0,420.0,420.0,420.0,420.0,420.0,420.0
