branch_id,compatible,fitted_slope_meV_per_V,group,identification_status,lifetime_ratio_s0_over_s1,lifetime_value_ns,nonlinearity_diagnostic,nuisance_sensitivity,numerical_sensitivity,residual_rms_meV,row_id,row_ids,screening,shape_sensitivity,slope_interval_kind,slope_interval_meV_per_V,source,voltage_window_V,zhang_guide_meV_per_V
0,False,-3.547409486916711,"[[""orientation"", ""c_plane""], [""shape"", ""disc""], [""regime"", ""rectangular""], [""temperature_mode"", ""fixed_junction""], [""field_polarity"", 1], [""T_hs"", 230.0], [""cavity_reference_V_j_V"", 0.0], [""height_nm"", 1.0], [""radius_nm"", 10.0], [""x_in"", 0.25], [""top_radius_fraction"", 1.0], [""geometry_type"", ""isolated_dot""]]",incompatible,2.532054457085166,,rms_residual_meV,conditional_fixed_settings,not_quantified,0.14360007941288694,CT07817,"[""ST04516"", ""ST04517"", ""ST04518"", ""ST04519"", ""ST04520"", ""ST04521"", ""ST04522"", ""ST04523"", ""ST04524"", ""ST04525"", ""ST04526""]",0.0,0.049094246965585064,illustrative_not_measured,"[-3.547409486916711, -3.547409486916711]","Zhang et al., Appl. Phys. Lett. 108, 153102 (2016), Fig. 5 [V] non-gating","[0.0, 2.0]",-10.0
0,False,-1.806078490252978,"[[""orientation"", ""c_plane""], [""shape"", ""disc""], [""regime"", ""rectangular""], [""temperature_mode"", ""fixed_junction""], [""field_polarity"", 1], [""T_hs"", 230.0], [""cavity_reference_V_j_V"", 0.0], [""height_nm"", 1.0], [""radius_nm"", 10.0], [""x_in"", 0.25], [""top_radius_fraction"", 1.0], [""geometry_type"", ""isolated_dot""]]",incompatible,2.532054457085166,,rms_residual_meV,conditional_fixed_settings,not_quantified,0.0791678767130657,CT07818,"[""ST04584"", ""ST04585"", ""ST04586"", ""ST04587"", ""ST04588"", ""ST04589"", ""ST04590"", ""ST04591"", ""ST04592"", ""ST04593"", ""ST04594""]",0.5,0.02706880728512462,illustrative_not_measured,"[-1.806078490252978, -1.806078490252978]","Zhang et al., Appl. Phys. Lett. 108, 153102 (2016), Fig. 5 [V] non-gating","[0.0, 2.0]",-10.0
0,False,0.24334194483350818,"[[""orientation"", ""c_plane""], [""shape"", ""disc""], [""regime"", ""rectangular""], [""temperature_mode"", ""fixed_junction""], [""field_polarity"", 1], [""T_hs"", 230.0], [""cavity_reference_V_j_V"", 0.0], [""height_nm"", 1.0], [""radius_nm"", 10.0], [""x_in"", 0.25], [""top_radius_fraction"", 1.0], [""geometry_type"", ""isolated_dot""]]",incompatible,2.532054457085166,,rms_residual_meV,conditional_fixed_settings,not_quantified,0.0016028997573300455,CT07819,"[""ST04652"", ""ST04653"", ""ST04654"", ""ST04655"", ""ST04656"", ""ST04657"", ""ST04658"", ""ST04659"", ""ST04660"", ""ST04661"", ""ST04662""]",1.0,0.0005533578063767752,illustrative_not_measured,"[0.24334194483350818, 0.24334194483350818]","Zhang et al., Appl. Phys. Lett. 108, 153102 (2016), Fig. 5 [V] non-gating","[0.0, 2.0]",-10.0
0,False,-3.6298599763316277,"[[""orientation"", ""c_plane""], [""shape"", ""disc""], [""regime"", ""rectangular""], [""temperature_mode"", ""fixed_junction""], [""field_polarity"", 1], [""T_hs"", 300.0], [""cavity_reference_V_j_V"", 0.0], [""height_nm"", 1.0], [""radius_nm"", 10.0], [""x_in"", 0.25], [""top_radius_fraction"", 1.0], [""geometry_type"", ""isolated_dot""]]",incompatible,2.5733691286528177,,rms_residual_meV,conditional_fixed_settings,not_quantified,0.15201374223753078,CT07820,"[""ST04533"", ""ST04534"", ""ST04535"", ""ST04536"", ""ST04537"", ""ST04538"", ""ST04539"", ""ST04540"", ""ST04541"", ""ST04542"", ""ST04543""]",0.0,0.05371019477624017,illustrative_not_measured,"[-3.6298599763316277, -3.6298599763316277]","Zhang et al., Appl. Phys. Lett. 108, 153102 (2016), Fig. 5 [V] non-gating","[0.0, 2.0]",-10.0
0,False,-1.8513493672200472,"[[""orientation"", ""c_plane""], [""shape"", ""disc""], [""regime"", ""rectangular""], [""temperature_mode"", ""fixed_junction""], [""field_polarity"", 1], [""T_hs"", 300.0], [""cavity_reference_V_j_V"", 0.0], [""height_nm"", 1.0], [""radius_nm"", 10.0], [""x_in"", 0.25], [""top_radius_fraction"", 1.0], [""geometry_type"", ""isolated_dot""]]",incompatible,2.5733691286528177,,rms_residual_meV,conditional_fixed_settings,not_quantified,0.08385874205994395,CT07821,"[""ST04601"", ""ST04602"", ""ST04603"", ""ST04604"", ""ST04605"", ""ST04606"", ""ST04607"", ""ST04608"", ""ST04609"", ""ST04610"", ""ST04611""]",0.5,0.02963450167811188,illustrative_not_measured,"[-1.8513493672200472, -1.8513493672200472]","Zhang et al., Appl. Phys. Lett. 108, 153102 (2016), Fig. 5 [V] non-gating","[0.0, 2.0]",-10.0
0,False,0.24387112501517547,"[[""orientation"", ""c_plane""], [""shape"", ""disc""], [""regime"", ""rectangular""], [""temperature_mode"", ""fixed_junction""], [""field_polarity"", 1], [""T_hs"", 300.0], [""cavity_reference_V_j_V"", 0.0], [""height_nm"", 1.0], [""radius_nm"", 10.0], [""x_in"", 0.25], [""top_radius_fraction"", 1.0], [""geometry_type"", ""isolated_dot""]]",incompatible,2.5733691286528177,,rms_residual_meV,conditional_fixed_settings,not_quantified,0.001697645621402719,CT07822,"[""ST04669"", ""ST04670"", ""ST04671"", ""ST04672"", ""ST04673"", ""ST04674"", ""ST04675"", ""ST04676"", ""ST04677"", ""ST04678"", ""ST04679""]",1.0,0.0006054864286398065,illustrative_not_measured,"[0.24387112501517547, 0.24387112501517547]","Zhang et al., Appl. Phys. Lett. 108, 153102 (2016), Fig. 5 [V] non-gating","[0.0, 2.0]",-10.0
0,False,-3.547409486916711,"[[""orientation"", ""c_plane""], [""shape"", ""disc""], [""regime"", ""deterministic_pair""], [""temperature_mode"", ""fixed_junction""], [""field_polarity"", 1], [""T_hs"", 230.0], [""cavity_reference_V_j_V"", 0.0], [""height_nm"", 1.0], [""radius_nm"", 10.0], [""x_in"", 0.25], [""top_radius_fraction"", 1.0], [""geometry_type"", ""isolated_dot""]]",incompatible,2.532054457085166,,rms_residual_meV,conditional_fixed_settings,not_quantified,0.14360007941288694,CT07823,"[""ST04550"", ""ST04551"", ""ST04552"", ""ST04553"", ""ST04554"", ""ST04555"", ""ST04556"", ""ST04557"", ""ST04558"", ""ST04559"", ""ST04560""]",0.0,0.049094246965585064,illustrative_not_measured,"[-3.547409486916711, -3.547409486916711]","Zhang et al., Appl. Phys. Lett. 108, 153102 (2016), Fig. 5 [V] non-gating","[0.0, 2.0]",-10.0
0,False,-1.806078490252978,"[[""orientation"", ""c_plane""], [""shape"", ""disc""], [""regime"", ""deterministic_pair""], [""temperature_mode"", ""fixed_junction""], [""field_polarity"", 1], [""T_hs"", 230.0], [""cavity_reference_V_j_V"", 0.0], [""height_nm"", 1.0], [""radius_nm"", 10.0], [""x_in"", 0.25], [""top_radius_fraction"", 1.0], [""geometry_type"", ""isolated_dot""]]",incompatible,2.532054457085166,,rms_residual_meV,conditional_fixed_settings,not_quantified,0.0791678767130657,CT07824,"[""ST04618"", ""ST04619"", ""ST04620"", ""ST04621"", ""ST04622"", ""ST04623"", ""ST04624"", ""ST04625"", ""ST04626"", ""ST04627"", ""ST04628""]",0.5,0.02706880728512462,illustrative_not_measured,"[-1.806078490252978, -1.806078490252978]","Zhang et al., Appl. Phys. Lett. 108, 153102 (2016), Fig. 5 [V] non-gating","[0.0, 2.0]",-10.0
0,False,0.24334194483350818,"[[""orientation"", ""c_plane""], [""shape"", ""disc""], [""regime"", ""deterministic_pair""], [""temperature_mode"", ""fixed_junction""], [""field_polarity"", 1], [""T_hs"", 230.0], [""cavity_reference_V_j_V"", 0.0], [""height_nm"", 1.0], [""radius_nm"", 10.0], [""x_in"", 0.25], [""top_radius_fraction"", 1.0], [""geometry_type"", ""isolated_dot""]]",incompatible,2.532054457085166,,rms_residual_meV,conditional_fixed_settings,not_quantified,0.0016028997573300455,CT07825,"[""ST04686"", ""ST04687"", ""ST04688"", ""ST04689"", ""ST04690"", ""ST04691"", ""ST04692"", ""ST04693"", ""ST04694"", ""ST04695"", ""ST04696""]",1.0,0.0005533578063767752,illustrative_not_measured,"[0.24334194483350818, 0.24334194483350818]","Zhang et al., Appl. Phys. Lett. 108, 153102 (2016), Fig. 5 [V] non-gating","[0.0, 2.0]",-10.0
0,False,-3.6298599763316277,"[[""orientation"", ""c_plane""], [""shape"", ""disc""], [""regime"", ""deterministic_pair""], [""temperature_mode"", ""fixed_junction""], [""field_polarity"", 1], [""T_hs"", 300.0], [""cavity_reference_V_j_V"", 0.0], [""height_nm"", 1.0], [""radius_nm"", 10.0], [""x_in"", 0.25], [""top_radius_fraction"", 1.0], [""geometry_type"", ""isolated_dot""]]",incompatible,2.5733691286528177,,rms_residual_meV,conditional_fixed_settings,not_quantified,0.15201374223753078,CT07826,"[""ST04567"", ""ST04568"", ""ST04569"", ""ST04570"", ""ST04571"", ""ST04572"", ""ST04573"", ""ST04574"", ""ST04575"", ""ST04576"", ""ST04577""]",0.0,0.05371019477624017,illustrative_not_measured,"[-3.6298599763316277, -3.6298599763316277]","Zhang et al., Appl. Phys. Lett. 108, 153102 (2016), Fig. 5 [V] non-gating","[0.0, 2.0]",-10.0
0,False,-1.8513493672200472,"[[""orientation"", ""c_plane""], [""shape"", ""disc""], [""regime"", ""deterministic_pair""], [""temperature_mode"", ""fixed_junction""], [""field_polarity"", 1], [""T_hs"", 300.0], [""cavity_reference_V_j_V"", 0.0], [""height_nm"", 1.0], [""radius_nm"", 10.0], [""x_in"", 0.25], [""top_radius_fraction"", 1.0], [""geometry_type"", ""isolated_dot""]]",incompatible,2.5733691286528177,,rms_residual_meV,conditional_fixed_settings,not_quantified,0.08385874205994395,CT07827,"[""ST04635"", ""ST04636"", ""ST04637"", ""ST04638"", ""ST04639"", ""ST04640"", ""ST04641"", ""ST04642"", ""ST04643"", ""ST04644"", ""ST04645""]",0.5,0.02963450167811188,illustrative_not_measured,"[-1.8513493672200472, -1.8513493672200472]","Zhang et al., Appl. Phys. Lett. 108, 153102 (2016), Fig. 5 [V] non-gating","[0.0, 2.0]",-10.0
0,False,0.24387112501517547,"[[""orientation"", ""c_plane""], [""shape"", ""disc""], [""regime"", ""deterministic_pair""], [""temperature_mode"", ""fixed_junction""], [""field_polarity"", 1], [""T_hs"", 300.0], [""cavity_reference_V_j_V"", 0.0], [""height_nm"", 1.0], [""radius_nm"", 10.0], [""x_in"", 0.25], [""top_radius_fraction"", 1.0], [""geometry_type"", ""isolated_dot""]]",incompatible,2.5733691286528177,,rms_residual_meV,conditional_fixed_settings,not_quantified,0.001697645621402719,CT07828,"[""ST04703"", ""ST04704"", ""ST04705"", ""ST04706"", ""ST04707"", ""ST04708"", ""ST04709"", ""ST04710"", ""ST04711"", ""ST04712"", ""ST04713""]",1.0,0.0006054864286398065,illustrative_not_measured,"[0.24387112501517547, 0.24387112501517547]","Zhang et al., Appl. Phys. Lett. 108, 153102 (2016), Fig. 5 [V] non-gating","[0.0, 2.0]",-10.0
0,False,0.3734040391711501,"[[""orientation"", ""a_plane""], [""shape"", ""disc""], [""regime"", ""rectangular""], [""temperature_mode"", ""fixed_junction""], [""field_polarity"", 1], [""T_hs"", 230.0], [""cavity_reference_V_j_V"", 0.0], [""height_nm"", 1.0], [""radius_nm"", 10.0], [""x_in"", 0.25], [""top_radius_fraction"", 1.0], [""geometry_type"", ""isolated_dot""]]",incompatible,1.0,,rms_residual_meV,conditional_fixed_settings,not_quantified,0.002901483366950977,CT07829,"[""ST04720"", ""ST04721"", ""ST04722"", ""ST04723"", ""ST04724"", ""ST04725"", ""ST04726"", ""ST04727"", ""ST04728"", ""ST04729"", ""ST04730""]",0.0,0.001024789216258315,illustrative_not_measured,"[0.3734040391711501, 0.3734040391711501]","Zhang et al., Appl. Phys. Lett. 108, 153102 (2016), Fig. 5 [V] non-gating","[0.0, 2.0]",-10.0
0,False,0.3734040391711501,"[[""orientation"", ""a_plane""], [""shape"", ""disc""], [""regime"", ""rectangular""], [""temperature_mode"", ""fixed_junction""], [""field_polarity"", 1], [""T_hs"", 230.0], [""cavity_reference_V_j_V"", 0.0], [""height_nm"", 1.0], [""radius_nm"", 10.0], [""x_in"", 0.25], [""top_radius_fraction"", 1.0], [""geometry_type"", ""isolated_dot""]]",incompatible,1.0,,rms_residual_meV,conditional_fixed_settings,not_quantified,0.002901483366950977,CT07830,"[""ST04788"", ""ST04789"", ""ST04790"", ""ST04791"", ""ST04792"", ""ST04793"", ""ST04794"", ""ST04795"", ""ST04796"", ""ST04797"", ""ST04798""]",0.5,0.001024789216258315,illustrative_not_measured,"[0.3734040391711501, 0.3734040391711501]","Zhang et al., Appl. Phys. Lett. 108, 153102 (2016), Fig. 5 [V] non-gating","[0.0, 2.0]",-10.0
0,False,0.3734040391711501,"[[""orientation"", ""a_plane""], [""shape"", ""disc""], [""regime"", ""rectangular""], [""temperature_mode"", ""fixed_junction""], [""field_polarity"", 1], [""T_hs"", 230.0], [""cavity_reference_V_j_V"", 0.0], [""height_nm"", 1.0], [""radius_nm"", 10.0], [""x_in"", 0.25], [""top_radius_fraction"", 1.0], [""geometry_type"", ""isolated_dot""]]",incompatible,1.0,,rms_residual_meV,conditional_fixed_settings,not_quantified,0.002901483366950977,CT07831,"[""ST04856"", ""ST04857"", ""ST04858"", ""ST04859"", ""ST04860"", ""ST04861"", ""ST04862"", ""ST04863"", ""ST04864"", ""ST04865"", ""ST04866""]",1.0,0.001024789216258315,illustrative_not_measured,"[0.3734040391711501, 0.3734040391711501]","Zhang et al., Appl. Phys. Lett. 108, 153102 (2016), Fig. 5 [V] non-gating","[0.0, 2.0]",-10.0
0,False,0.37339608801678215,"[[""orientation"", ""a_plane""], [""shape"", ""disc""], [""regime"", ""rectangular""], [""temperature_mode"", ""fixed_junction""], [""field_polarity"", 1], [""T_hs"", 300.0], [""cavity_reference_V_j_V"", 0.0], [""height_nm"", 1.0], [""radius_nm"", 10.0], [""x_in"", 0.25], [""top_radius_fraction"", 1.0], [""geometry_type"", ""isolated_dot""]]",incompatible,1.0,,rms_residual_meV,conditional_fixed_settings,not_quantified,0.0030718532381694757,CT07832,"[""ST04737"", ""ST04738"", ""ST04739"", ""ST04740"", ""ST04741"", ""ST04742"", ""ST04743"", ""ST04744"", ""ST04745"", ""ST04746"", ""ST04747""]",0.0,0.0011194344374210186,illustrative_not_measured,"[0.37339608801678215, 0.37339608801678215]","Zhang et al., Appl. Phys. Lett. 108, 153102 (2016), Fig. 5 [V] non-gating","[0.0, 2.0]",-10.0
0,False,0.37339608801678215,"[[""orientation"", ""a_plane""], [""shape"", ""disc""], [""regime"", ""rectangular""], [""temperature_mode"", ""fixed_junction""], [""field_polarity"", 1], [""T_hs"", 300.0], [""cavity_reference_V_j_V"", 0.0], [""height_nm"", 1.0], [""radius_nm"", 10.0], [""x_in"", 0.25], [""top_radius_fraction"", 1.0], [""geometry_type"", ""isolated_dot""]]",incompatible,1.0,,rms_residual_meV,conditional_fixed_settings,not_quantified,0.0030718532381694757,CT07833,"[""ST04805"", ""ST04806"", ""ST04807"", ""ST04808"", ""ST04809"", ""ST04810"", ""ST04811"", ""ST04812"", ""ST04813"", ""ST04814"", ""ST04815""]",0.5,0.0011194344374210186,illustrative_not_measured,"[0.37339608801678215, 0.37339608801678215]","Zhang et al., Appl. Phys. Lett. 108, 153102 (2016), Fig. 5 [V] non-gating","[0.0, 2.0]",-10.0
0,False,0.37339608801678215,"[[""orientation"", ""a_plane""], [""shape"", ""disc""], [""regime"", ""rectangular""], [""temperature_mode"", ""fixed_junction""], [""field_polarity"", 1], [""T_hs"", 300.0], [""cavity_reference_V_j_V"", 0.0], [""height_nm"", 1.0], [""radius_nm"", 10.0], [""x_in"", 0.25], [""top_radius_fraction"", 1.0], [""geometry_type"", ""isolated_dot""]]",incompatible,1.0,,rms_residual_meV,conditional_fixed_settings,not_quantified,0.0030718532381694757,CT07834,"[""ST04873"", ""ST04874"", ""ST04875"", ""ST04876"", ""ST04877"", ""ST04878"", ""ST04879"", ""ST04880"", ""ST04881"", ""ST04882"", ""ST04883""]",1.0,0.0011194344374210186,illustrative_not_measured,"[0.37339608801678215, 0.37339608801678215]","Zhang et al., Appl. Phys. Lett. 108, 153102 (2016), Fig. 5 [V] non-gating","[0.0, 2.0]",-10.0
0,False,0.3734040391711501,"[[""orientation"", ""a_plane""], [""shape"", ""disc""], [""regime"", ""deterministic_pair""], [""temperature_mode"", ""fixed_junction""], [""field_polarity"", 1], [""T_hs"", 230.0], [""cavity_reference_V_j_V"", 0.0], [""height_nm"", 1.0], [""radius_nm"", 10.0], [""x_in"", 0.25], [""top_radius_fraction"", 1.0], [""geometry_type"", ""isolated_dot""]]",incompatible,1.0,,rms_residual_meV,conditional_fixed_settings,not_quantified,0.002901483366950977,CT07835,"[""ST04754"", ""ST04755"", ""ST04756"", ""ST04757"", ""ST04758"", ""ST04759"", ""ST04760"", ""ST04761"", ""ST04762"", ""ST04763"", ""ST04764""]",0.0,0.001024789216258315,illustrative_not_measured,"[0.3734040391711501, 0.3734040391711501]","Zhang et al., Appl. Phys. Lett. 108, 153102 (2016), Fig. 5 [V] non-gating","[0.0, 2.0]",-10.0
0,False,0.3734040391711501,"[[""orientation"", ""a_plane""], [""shape"", ""disc""], [""regime"", ""deterministic_pair""], [""temperature_mode"", ""fixed_junction""], [""field_polarity"", 1], [""T_hs"", 230.0], [""cavity_reference_V_j_V"", 0.0], [""height_nm"", 1.0], [""radius_nm"", 10.0], [""x_in"", 0.25], [""top_radius_fraction"", 1.0], [""geometry_type"", ""isolated_dot""]]",incompatible,1.0,,rms_residual_meV,conditional_fixed_settings,not_quantified,0.002901483366950977,CT07836,"[""ST04822"", ""ST04823"", ""ST04824"", ""ST04825"", ""ST04826"", ""ST04827"", ""ST04828"", ""ST04829"", ""ST04830"", ""ST04831"", ""ST04832""]",0.5,0.001024789216258315,illustrative_not_measured,"[0.3734040391711501, 0.3734040391711501]","Zhang et al., Appl. Phys. Lett. 108, 153102 (2016), Fig. 5 [V] non-gating","[0.0, 2.0]",-10.0
0,False,0.3734040391711501,"[[""orientation"", ""a_plane""], [""shape"", ""disc""], [""regime"", ""deterministic_pair""], [""temperature_mode"", ""fixed_junction""], [""field_polarity"", 1], [""T_hs"", 230.0], [""cavity_reference_V_j_V"", 0.0], [""height_nm"", 1.0], [""radius_nm"", 10.0], [""x_in"", 0.25], [""top_radius_fraction"", 1.0], [""geometry_type"", ""isolated_dot""]]",incompatible,1.0,,rms_residual_meV,conditional_fixed_settings,not_quantified,0.002901483366950977,CT07837,"[""ST04890"", ""ST04891"", ""ST04892"", ""ST04893"", ""ST04894"", ""ST04895"", ""ST04896"", ""ST04897"", ""ST04898"", ""ST04899"", ""ST04900""]",1.0,0.001024789216258315,illustrative_not_measured,"[0.3734040391711501, 0.3734040391711501]","Zhang et al., Appl. Phys. Lett. 108, 153102 (2016), Fig. 5 [V] non-gating","[0.0, 2.0]",-10.0
0,False,0.37339608801678215,"[[""orientation"", ""a_plane""], [""shape"", ""disc""], [""regime"", ""deterministic_pair""], [""temperature_mode"", ""fixed_junction""], [""field_polarity"", 1], [""T_hs"", 300.0], [""cavity_reference_V_j_V"", 0.0], [""height_nm"", 1.0], [""radius_nm"", 10.0], [""x_in"", 0.25], [""top_radius_fraction"", 1.0], [""geometry_type"", ""isolated_dot""]]",incompatible,1.0,,rms_residual_meV,conditional_fixed_settings,not_quantified,0.0030718532381694757,CT07838,"[""ST04771"", ""ST04772"", ""ST04773"", ""ST04774"", ""ST04775"", ""ST04776"", ""ST04777"", ""ST04778"", ""ST04779"", ""ST04780"", ""ST04781""]",0.0,0.0011194344374210186,illustrative_not_measured,"[0.37339608801678215, 0.37339608801678215]","Zhang et al., Appl. Phys. Lett. 108, 153102 (2016), Fig. 5 [V] non-gating","[0.0, 2.0]",-10.0
0,False,0.37339608801678215,"[[""orientation"", ""a_plane""], [""shape"", ""disc""], [""regime"", ""deterministic_pair""], [""temperature_mode"", ""fixed_junction""], [""field_polarity"", 1], [""T_hs"", 300.0], [""cavity_reference_V_j_V"", 0.0], [""height_nm"", 1.0], [""radius_nm"", 10.0], [""x_in"", 0.25], [""top_radius_fraction"", 1.0], [""geometry_type"", ""isolated_dot""]]",incompatible,1.0,,rms_residual_meV,conditional_fixed_settings,not_quantified,0.0030718532381694757,CT07839,"[""ST04839"", ""ST04840"", ""ST04841"", ""ST04842"", ""ST04843"", ""ST04844"", ""ST04845"", ""ST04846"", ""ST04847"", ""ST04848"", ""ST04849""]",0.5,0.0011194344374210186,illustrative_not_measured,"[0.37339608801678215, 0.37339608801678215]","Zhang et al., Appl. Phys. Lett. 108, 153102 (2016), Fig. 5 [V] non-gating","[0.0, 2.0]",-10.0
0,False,0.37339608801678215,"[[""orientation"", ""a_plane""], [""shape"", ""disc""], [""regime"", ""deterministic_pair""], [""temperature_mode"", ""fixed_junction""], [""field_polarity"", 1], [""T_hs"", 300.0], [""cavity_reference_V_j_V"", 0.0], [""height_nm"", 1.0], [""radius_nm"", 10.0], [""x_in"", 0.25], [""top_radius_fraction"", 1.0], [""geometry_type"", ""isolated_dot""]]",incompatible,1.0,,rms_residual_meV,conditional_fixed_settings,not_quantified,0.0030718532381694757,CT07840,"[""ST04907"", ""ST04908"", ""ST04909"", ""ST04910"", ""ST04911"", ""ST04912"", ""ST04913"", ""ST04914"", ""ST04915"", ""ST04916"", ""ST04917""]",1.0,0.0011194344374210186,illustrative_not_measured,"[0.37339608801678215, 0.37339608801678215]","Zhang et al., Appl. Phys. Lett. 108, 153102 (2016), Fig. 5 [V] non-gating","[0.0, 2.0]",-10.0
0,True,-8.541033800799307,"[[""orientation"", ""c_plane""], [""shape"", ""disc""], [""regime"", ""rectangular""], [""temperature_mode"", ""fixed_junction""], [""field_polarity"", 1], [""T_hs"", 230.0], [""cavity_reference_V_j_V"", 0.0], [""height_nm"", 2.0], [""radius_nm"", 10.0], [""x_in"", 0.25], [""top_radius_fraction"", 1.0], [""geometry_type"", ""isolated_dot""]]",compatible,12.88422779657124,,rms_residual_meV,conditional_fixed_settings,not_quantified,0.3391433567869839,CT07841,"[""ST04924"", ""ST04925"", ""ST04926"", ""ST04927"", ""ST04928"", ""ST04929"", ""ST04930"", ""ST04931"", ""ST04932"", ""ST04933"", ""ST04934""]",0.0,0.11598550390902318,illustrative_not_measured,"[-8.541033800799307, -8.541033800799307]","Zhang et al., Appl. Phys. Lett. 108, 153102 (2016), Fig. 5 [V] non-gating","[0.0, 2.0]",-10.0
0,False,-5.520467820697975,"[[""orientation"", ""c_plane""], [""shape"", ""disc""], [""regime"", ""rectangular""], [""temperature_mode"", ""fixed_junction""], [""field_polarity"", 1], [""T_hs"", 230.0], [""cavity_reference_V_j_V"", 0.0], [""height_nm"", 2.0], [""radius_nm"", 10.0], [""x_in"", 0.25], [""top_radius_fraction"", 1.0], [""geometry_type"", ""isolated_dot""]]",incompatible,12.88422779657124,,rms_residual_meV,conditional_fixed_settings,not_quantified,0.2318877383002516,CT07842,"[""ST04992"", ""ST04993"", ""ST04994"", ""ST04995"", ""ST04996"", ""ST04997"", ""ST04998"", ""ST04999"", ""ST05000"", ""ST05001"", ""ST05002""]",0.5,0.07913550162985139,illustrative_not_measured,"[-5.520467820697975, -5.520467820697975]","Zhang et al., Appl. Phys. Lett. 108, 153102 (2016), Fig. 5 [V] non-gating","[0.0, 2.0]",-10.0
0,False,1.0059173866088713,"[[""orientation"", ""c_plane""], [""shape"", ""disc""], [""regime"", ""rectangular""], [""temperature_mode"", ""fixed_junction""], [""field_polarity"", 1], [""T_hs"", 230.0], [""cavity_reference_V_j_V"", 0.0], [""height_nm"", 2.0], [""radius_nm"", 10.0], [""x_in"", 0.25], [""top_radius_fraction"", 1.0], [""geometry_type"", ""isolated_dot""]]",incompatible,12.88422779657124,,rms_residual_meV,conditional_fixed_settings,not_quantified,0.005459473367467236,CT07843,"[""ST05060"", ""ST05061"", ""ST05062"", ""ST05063"", ""ST05064"", ""ST05065"", ""ST05066"", ""ST05067"", ""ST05068"", ""ST05069"", ""ST05070""]",1.0,0.002276918668030925,illustrative_not_measured,"[1.0059173866088713, 1.0059173866088713]","Zhang et al., Appl. Phys. Lett. 108, 153102 (2016), Fig. 5 [V] non-gating","[0.0, 2.0]",-10.0
0,True,-8.724332068407543,"[[""orientation"", ""c_plane""], [""shape"", ""disc""], [""regime"", ""rectangular""], [""temperature_mode"", ""fixed_junction""], [""field_polarity"", 1], [""T_hs"", 300.0], [""cavity_reference_V_j_V"", 0.0], [""height_nm"", 2.0], [""radius_nm"", 10.0], [""x_in"", 0.25], [""top_radius_fraction"", 1.0], [""geometry_type"", ""isolated_dot""]]",compatible,13.152600726307684,,rms_residual_meV,conditional_fixed_settings,not_quantified,0.35863157909180643,CT07844,"[""ST04941"", ""ST04942"", ""ST04943"", ""ST04944"", ""ST04945"", ""ST04946"", ""ST04947"", ""ST04948"", ""ST04949"", ""ST04950"", ""ST04951""]",0.0,0.1267629442974183,illustrative_not_measured,"[-8.724332068407543, -8.724332068407543]","Zhang et al., Appl. Phys. Lett. 108, 153102 (2016), Fig. 5 [V] non-gating","[0.0, 2.0]",-10.0
0,False,-5.641574419746121,"[[""orientation"", ""c_plane""], [""shape"", ""disc""], [""regime"", ""rectangular""], [""temperature_mode"", ""fixed_junction""], [""field_polarity"", 1], [""T_hs"", 300.0], [""cavity_reference_V_j_V"", 0.0], [""height_nm"", 2.0], [""radius_nm"", 10.0], [""x_in"", 0.25], [""top_radius_fraction"", 1.0], [""geometry_type"", ""isolated_dot""]]",incompatible,13.152600726307684,,rms_residual_meV,conditional_fixed_settings,not_quantified,0.24506985694042288,CT07845,"[""ST05009"", ""ST05010"", ""ST05011"", ""ST05012"", ""ST05013"", ""ST05014"", ""ST05015"", ""ST05016"", ""ST05017"", ""ST05018"", ""ST05019""]",0.5,0.08644654004842778,illustrative_not_measured,"[-5.641574419746121, -5.641574419746121]","Zhang et al., Appl. Phys. Lett. 108, 153102 (2016), Fig. 5 [V] non-gating","[0.0, 2.0]",-10.0
0,False,1.0057472214229868,"[[""orientation"", ""c_plane""], [""shape"", ""disc""], [""regime"", ""rectangular""], [""temperature_mode"", ""fixed_junction""], [""field_polarity"", 1], [""T_hs"", 300.0], [""cavity_reference_V_j_V"", 0.0], [""height_nm"", 2.0], [""radius_nm"", 10.0], [""x_in"", 0.25], [""top_radius_fraction"", 1.0], [""geometry_type"", ""isolated_dot""]]",incompatible,13.152600726307684,,rms_residual_meV,conditional_fixed_settings,not_quantified,0.005830938395227796,CT07846,"[""ST05077"", ""ST05078"", ""ST05079"", ""ST05080"", ""ST05081"", ""ST05082"", ""ST05083"", ""ST05084"", ""ST05085"", ""ST05086"", ""ST05087""]",1.0,0.0024847921499919767,illustrative_not_measured,"[1.0057472214229868, 1.0057472214229868]","Zhang et al., Appl. Phys. Lett. 108, 153102 (2016), Fig. 5 [V] non-gating","[0.0, 2.0]",-10.0
0,True,-8.541033800799307,"[[""orientation"", ""c_plane""], [""shape"", ""disc""], [""regime"", ""deterministic_pair""], [""temperature_mode"", ""fixed_junction""], [""field_polarity"", 1], [""T_hs"", 230.0], [""cavity_reference_V_j_V"", 0.0], [""height_nm"", 2.0], [""radius_nm"", 10.0], [""x_in"", 0.25], [""top_radius_fraction"", 1.0], [""geometry_type"", ""isolated_dot""]]",compatible,12.88422779657124,,rms_residual_meV,conditional_fixed_settings,not_quantified,0.3391433567869839,CT07847,"[""ST04958"", ""ST04959"", ""ST04960"", ""ST04961"", ""ST04962"", ""ST04963"", ""ST04964"", ""ST04965"", ""ST04966"", ""ST04967"", ""ST04968""]",0.0,0.11598550390902318,illustrative_not_measured,"[-8.541033800799307, -8.541033800799307]","Zhang et al., Appl. Phys. Lett. 108, 153102 (2016), Fig. 5 [V] non-gating","[0.0, 2.0]",-10.0
0,False,-5.520467820697975,"[[""orientation"", ""c_plane""], [""shape"", ""disc""], [""regime"", ""deterministic_pair""], [""temperature_mode"", ""fixed_junction""], [""field_polarity"", 1], [""T_hs"", 230.0], [""cavity_reference_V_j_V"", 0.0], [""height_nm"", 2.0], [""radius_nm"", 10.0], [""x_in"", 0.25], [""top_radius_fraction"", 1.0], [""geometry_type"", ""isolated_dot""]]",incompatible,12.88422779657124,,rms_residual_meV,conditional_fixed_settings,not_quantified,0.2318877383002516,CT07848,"[""ST05026"", ""ST05027"", ""ST05028"", ""ST05029"", ""ST05030"", ""ST05031"", ""ST05032"", ""ST05033"", ""ST05034"", ""ST05035"", ""ST05036""]",0.5,0.07913550162985139,illustrative_not_measured,"[-5.520467820697975, -5.520467820697975]","Zhang et al., Appl. Phys. Lett. 108, 153102 (2016), Fig. 5 [V] non-gating","[0.0, 2.0]",-10.0
0,False,1.0059173866088713,"[[""orientation"", ""c_plane""], [""shape"", ""disc""], [""regime"", ""deterministic_pair""], [""temperature_mode"", ""fixed_junction""], [""field_polarity"", 1], [""T_hs"", 230.0], [""cavity_reference_V_j_V"", 0.0], [""height_nm"", 2.0], [""radius_nm"", 10.0], [""x_in"", 0.25], [""top_radius_fraction"", 1.0], [""geometry_type"", ""isolated_dot""]]",incompatible,12.88422779657124,,rms_residual_meV,conditional_fixed_settings,not_quantified,0.005459473367467236,CT07849,"[""ST05094"", ""ST05095"", ""ST05096"", ""ST05097"", ""ST05098"", ""ST05099"", ""ST05100"", ""ST05101"", ""ST05102"", ""ST05103"", ""ST05104""]",1.0,0.002276918668030925,illustrative_not_measured,"[1.0059173866088713, 1.0059173866088713]","Zhang et al., Appl. Phys. Lett. 108, 153102 (2016), Fig. 5 [V] non-gating","[0.0, 2.0]",-10.0
0,True,-8.724332068407543,"[[""orientation"", ""c_plane""], [""shape"", ""disc""], [""regime"", ""deterministic_pair""], [""temperature_mode"", ""fixed_junction""], [""field_polarity"", 1], [""T_hs"", 300.0], [""cavity_reference_V_j_V"", 0.0], [""height_nm"", 2.0], [""radius_nm"", 10.0], [""x_in"", 0.25], [""top_radius_fraction"", 1.0], [""geometry_type"", ""isolated_dot""]]",compatible,13.152600726307684,,rms_residual_meV,conditional_fixed_settings,not_quantified,0.35863157909180643,CT07850,"[""ST04975"", ""ST04976"", ""ST04977"", ""ST04978"", ""ST04979"", ""ST04980"", ""ST04981"", ""ST04982"", ""ST04983"", ""ST04984"", ""ST04985""]",0.0,0.1267629442974183,illustrative_not_measured,"[-8.724332068407543, -8.724332068407543]","Zhang et al., Appl. Phys. Lett. 108, 153102 (2016), Fig. 5 [V] non-gating","[0.0, 2.0]",-10.0
0,False,-5.641574419746121,"[[""orientation"", ""c_plane""], [""shape"", ""disc""], [""regime"", ""deterministic_pair""], [""temperature_mode"", ""fixed_junction""], [""field_polarity"", 1], [""T_hs"", 300.0], [""cavity_reference_V_j_V"", 0.0], [""height_nm"", 2.0], [""radius_nm"", 10.0], [""x_in"", 0.25], [""top_radius_fraction"", 1.0], [""geometry_type"", ""isolated_dot""]]",incompatible,13.152600726307684,,rms_residual_meV,conditional_fixed_settings,not_quantified,0.24506985694042288,CT07851,"[""ST05043"", ""ST05044"", ""ST05045"", ""ST05046"", ""ST05047"", ""ST05048"", ""ST05049"", ""ST05050"", ""ST05051"", ""ST05052"", ""ST05053""]",0.5,0.08644654004842778,illustrative_not_measured,"[-5.641574419746121, -5.641574419746121]","Zhang et al., Appl. Phys. Lett. 108, 153102 (2016), Fig. 5 [V] non-gating","[0.0, 2.0]",-10.0
0,False,1.0057472214229868,"[[""orientation"", ""c_plane""], [""shape"", ""disc""], [""regime"", ""deterministic_pair""], [""temperature_mode"", ""fixed_junction""], [""field_polarity"", 1], [""T_hs"", 300.0], [""cavity_reference_V_j_V"", 0.0], [""height_nm"", 2.0], [""radius_nm"", 10.0], [""x_in"", 0.25], [""top_radius_fraction"", 1.0], [""geometry_type"", ""isolated_dot""]]",incompatible,13.152600726307684,,rms_residual_meV,conditional_fixed_settings,not_quantified,0.005830938395227796,CT07852,"[""ST05111"", ""ST05112"", ""ST05113"", ""ST05114"", ""ST05115"", ""ST05116"", ""ST05117"", ""ST05118"", ""ST05119"", ""ST05120"", ""ST05121""]",1.0,0.0024847921499919767,illustrative_not_measured,"[1.0057472214229868, 1.0057472214229868]","Zhang et al., Appl. Phys. Lett. 108, 153102 (2016), Fig. 5 [V] non-gating","[0.0, 2.0]",-10.0
0,False,0.8273966268186954,"[[""orientation"", ""a_plane""], [""shape"", ""disc""], [""regime"", ""rectangular""], [""temperature_mode"", ""fixed_junction""], [""field_polarity"", 1], [""T_hs"", 230.0], [""cavity_reference_V_j_V"", 0.0], [""height_nm"", 2.0], [""radius_nm"", 10.0], [""x_in"", 0.25], [""top_radius_fraction"", 1.0], [""geometry_type"", ""isolated_dot""]]",incompatible,1.0,,rms_residual_meV,conditional_fixed_settings,not_quantified,0.005540258674383951,CT07853,"[""ST05128"", ""ST05129"", ""ST05130"", ""ST05131"", ""ST05132"", ""ST05133"", ""ST05134"", ""ST05135"", ""ST05136"", ""ST05137"", ""ST05138""]",0.0,0.0019444811850505284,illustrative_not_measured,"[0.8273966268186954, 0.8273966268186954]","Zhang et al., Appl. Phys. Lett. 108, 153102 (2016), Fig. 5 [V] non-gating","[0.0, 2.0]",-10.0
0,False,0.8273966268186954,"[[""orientation"", ""a_plane""], [""shape"", ""disc""], [""regime"", ""rectangular""], [""temperature_mode"", ""fixed_junction""], [""field_polarity"", 1], [""T_hs"", 230.0], [""cavity_reference_V_j_V"", 0.0], [""height_nm"", 2.0], [""radius_nm"", 10.0], [""x_in"", 0.25], [""top_radius_fraction"", 1.0], [""geometry_type"", ""isolated_dot""]]",incompatible,1.0,,rms_residual_meV,conditional_fixed_settings,not_quantified,0.005540258674383951,CT07854,"[""ST05196"", ""ST05197"", ""ST05198"", ""ST05199"", ""ST05200"", ""ST05201"", ""ST05202"", ""ST05203"", ""ST05204"", ""ST05205"", ""ST05206""]",0.5,0.0019444811850505284,illustrative_not_measured,"[0.8273966268186954, 0.8273966268186954]","Zhang et al., Appl. Phys. Lett. 108, 153102 (2016), Fig. 5 [V] non-gating","[0.0, 2.0]",-10.0
0,False,0.8273966268186954,"[[""orientation"", ""a_plane""], [""shape"", ""disc""], [""regime"", ""rectangular""], [""temperature_mode"", ""fixed_junction""], [""field_polarity"", 1], [""T_hs"", 230.0], [""cavity_reference_V_j_V"", 0.0], [""height_nm"", 2.0], [""radius_nm"", 10.0], [""x_in"", 0.25], [""top_radius_fraction"", 1.0], [""geometry_type"", ""isolated_dot""]]",incompatible,1.0,,rms_residual_meV,conditional_fixed_settings,not_quantified,0.005540258674383951,CT07855,"[""ST05264"", ""ST05265"", ""ST05266"", ""ST05267"", ""ST05268"", ""ST05269"", ""ST05270"", ""ST05271"", ""ST05272"", ""ST05273"", ""ST05274""]",1.0,0.0019444811850505284,illustrative_not_measured,"[0.8273966268186954, 0.8273966268186954]","Zhang et al., Appl. Phys. Lett. 108, 153102 (2016), Fig. 5 [V] non-gating","[0.0, 2.0]",-10.0
0,False,0.8272879662705566,"[[""orientation"", ""a_plane""], [""shape"", ""disc""], [""regime"", ""rectangular""], [""temperature_mode"", ""fixed_junction""], [""field_polarity"", 1], [""T_hs"", 300.0], [""cavity_reference_V_j_V"", 0.0], [""height_nm"", 2.0], [""radius_nm"", 10.0], [""x_in"", 0.25], [""top_radius_fraction"", 1.0], [""geometry_type"", ""isolated_dot""]]",incompatible,1.0,,rms_residual_meV,conditional_fixed_settings,not_quantified,0.005860615978994906,CT07856,"[""ST05145"", ""ST05146"", ""ST05147"", ""ST05148"", ""ST05149"", ""ST05150"", ""ST05151"", ""ST05152"", ""ST05153"", ""ST05154"", ""ST05155""]",0.0,0.002122806626506546,illustrative_not_measured,"[0.8272879662705566, 0.8272879662705566]","Zhang et al., Appl. Phys. Lett. 108, 153102 (2016), Fig. 5 [V] non-gating","[0.0, 2.0]",-10.0
0,False,0.8272879662705566,"[[""orientation"", ""a_plane""], [""shape"", ""disc""], [""regime"", ""rectangular""], [""temperature_mode"", ""fixed_junction""], [""field_polarity"", 1], [""T_hs"", 300.0], [""cavity_reference_V_j_V"", 0.0], [""height_nm"", 2.0], [""radius_nm"", 10.0], [""x_in"", 0.25], [""top_radius_fraction"", 1.0], [""geometry_type"", ""isolated_dot""]]",incompatible,1.0,,rms_residual_meV,conditional_fixed_settings,not_quantified,0.005860615978994906,CT07857,"[""ST05213"", ""ST05214"", ""ST05215"", ""ST05216"", ""ST05217"", ""ST05218"", ""ST05219"", ""ST05220"", ""ST05221"", ""ST05222"", ""ST05223""]",0.5,0.002122806626506546,illustrative_not_measured,"[0.8272879662705566, 0.8272879662705566]","Zhang et al., Appl. Phys. Lett. 108, 153102 (2016), Fig. 5 [V] non-gating","[0.0, 2.0]",-10.0
0,False,0.8272879662705566,"[[""orientation"", ""a_plane""], [""shape"", ""disc""], [""regime"", ""rectangular""], [""temperature_mode"", ""fixed_junction""], [""field_polarity"", 1], [""T_hs"", 300.0], [""cavity_reference_V_j_V"", 0.0], [""height_nm"", 2.0], [""radius_nm"", 10.0], [""x_in"", 0.25], [""top_radius_fraction"", 1.0], [""geometry_type"", ""isolated_dot""]]",incompatible,1.0,,rms_residual_meV,conditional_fixed_settings,not_quantified,0.005860615978994906,CT07858,"[""ST05281"", ""ST05282"", ""ST05283"", ""ST05284"", ""ST05285"", ""ST05286"", ""ST05287"", ""ST05288"", ""ST05289"", ""ST05290"", ""ST05291""]",1.0,0.002122806626506546,illustrative_not_measured,"[0.8272879662705566, 0.8272879662705566]","Zhang et al., Appl. Phys. Lett. 108, 153102 (2016), Fig. 5 [V] non-gating","[0.0, 2.0]",-10.0
0,False,0.8273966268186954,"[[""orientation"", ""a_plane""], [""shape"", ""disc""], [""regime"", ""deterministic_pair""], [""temperature_mode"", ""fixed_junction""], [""field_polarity"", 1], [""T_hs"", 230.0], [""cavity_reference_V_j_V"", 0.0], [""height_nm"", 2.0], [""radius_nm"", 10.0], [""x_in"", 0.25], [""top_radius_fraction"", 1.0], [""geometry_type"", ""isolated_dot""]]",incompatible,1.0,,rms_residual_meV,conditional_fixed_settings,not_quantified,0.005540258674383951,CT07859,"[""ST05162"", ""ST05163"", ""ST05164"", ""ST05165"", ""ST05166"", ""ST05167"", ""ST05168"", ""ST05169"", ""ST05170"", ""ST05171"", ""ST05172""]",0.0,0.0019444811850505284,illustrative_not_measured,"[0.8273966268186954, 0.8273966268186954]","Zhang et al., Appl. Phys. Lett. 108, 153102 (2016), Fig. 5 [V] non-gating","[0.0, 2.0]",-10.0
0,False,0.8273966268186954,"[[""orientation"", ""a_plane""], [""shape"", ""disc""], [""regime"", ""deterministic_pair""], [""temperature_mode"", ""fixed_junction""], [""field_polarity"", 1], [""T_hs"", 230.0], [""cavity_reference_V_j_V"", 0.0], [""height_nm"", 2.0], [""radius_nm"", 10.0], [""x_in"", 0.25], [""top_radius_fraction"", 1.0], [""geometry_type"", ""isolated_dot""]]",incompatible,1.0,,rms_residual_meV,conditional_fixed_settings,not_quantified,0.005540258674383951,CT07860,"[""ST05230"", ""ST05231"", ""ST05232"", ""ST05233"", ""ST05234"", ""ST05235"", ""ST05236"", ""ST05237"", ""ST05238"", ""ST05239"", ""ST05240""]",0.5,0.0019444811850505284,illustrative_not_measured,"[0.8273966268186954, 0.8273966268186954]","Zhang et al., Appl. Phys. Lett. 108, 153102 (2016), Fig. 5 [V] non-gating","[0.0, 2.0]",-10.0
0,False,0.8273966268186954,"[[""orientation"", ""a_plane""], [""shape"", ""disc""], [""regime"", ""deterministic_pair""], [""temperature_mode"", ""fixed_junction""], [""field_polarity"", 1], [""T_hs"", 230.0], [""cavity_reference_V_j_V"", 0.0], [""height_nm"", 2.0], [""radius_nm"", 10.0], [""x_in"", 0.25], [""top_radius_fraction"", 1.0], [""geometry_type"", ""isolated_dot""]]",incompatible,1.0,,rms_residual_meV,conditional_fixed_settings,not_quantified,0.005540258674383951,CT07861,"[""ST05298"", ""ST05299"", ""ST05300"", ""ST05301"", ""ST05302"", ""ST05303"", ""ST05304"", ""ST05305"", ""ST05306"", ""ST05307"", ""ST05308""]",1.0,0.0019444811850505284,illustrative_not_measured,"[0.8273966268186954, 0.8273966268186954]","Zhang et al., Appl. Phys. Lett. 108, 153102 (2016), Fig. 5 [V] non-gating","[0.0, 2.0]",-10.0
0,False,0.8272879662705566,"[[""orientation"", ""a_plane""], [""shape"", ""disc""], [""regime"", ""deterministic_pair""], [""temperature_mode"", ""fixed_junction""], [""field_polarity"", 1], [""T_hs"", 300.0], [""cavity_reference_V_j_V"", 0.0], [""height_nm"", 2.0], [""radius_nm"", 10.0], [""x_in"", 0.25], [""top_radius_fraction"", 1.0], [""geometry_type"", ""isolated_dot""]]",incompatible,1.0,,rms_residual_meV,conditional_fixed_settings,not_quantified,0.005860615978994906,CT07862,"[""ST05179"", ""ST05180"", ""ST05181"", ""ST05182"", ""ST05183"", ""ST05184"", ""ST05185"", ""ST05186"", ""ST05187"", ""ST05188"", ""ST05189""]",0.0,0.002122806626506546,illustrative_not_measured,"[0.8272879662705566, 0.8272879662705566]","Zhang et al., Appl. Phys. Lett. 108, 153102 (2016), Fig. 5 [V] non-gating","[0.0, 2.0]",-10.0
0,False,0.8272879662705566,"[[""orientation"", ""a_plane""], [""shape"", ""disc""], [""regime"", ""deterministic_pair""], [""temperature_mode"", ""fixed_junction""], [""field_polarity"", 1], [""T_hs"", 300.0], [""cavity_reference_V_j_V"", 0.0], [""height_nm"", 2.0], [""radius_nm"", 10.0], [""x_in"", 0.25], [""top_radius_fraction"", 1.0], [""geometry_type"", ""isolated_dot""]]",incompatible,1.0,,rms_residual_meV,conditional_fixed_settings,not_quantified,0.005860615978994906,CT07863,"[""ST05247"", ""ST05248"", ""ST05249"", ""ST05250"", ""ST05251"", ""ST05252"", ""ST05253"", ""ST05254"", ""ST05255"", ""ST05256"", ""ST05257""]",0.5,0.002122806626506546,illustrative_not_measured,"[0.8272879662705566, 0.8272879662705566]","Zhang et al., Appl. Phys. Lett. 108, 153102 (2016), Fig. 5 [V] non-gating","[0.0, 2.0]",-10.0
0,False,0.8272879662705566,"[[""orientation"", ""a_plane""], [""shape"", ""disc""], [""regime"", ""deterministic_pair""], [""temperature_mode"", ""fixed_junction""], [""field_polarity"", 1], [""T_hs"", 300.0], [""cavity_reference_V_j_V"", 0.0], [""height_nm"", 2.0], [""radius_nm"", 10.0], [""x_in"", 0.25], [""top_radius_fraction"", 1.0], [""geometry_type"", ""isolated_dot""]]",incompatible,1.0,,rms_residual_meV,conditional_fixed_settings,not_quantified,0.005860615978994906,CT07864,"[""ST05315"", ""ST05316"", ""ST05317"", ""ST05318"", ""ST05319"", ""ST05320"", ""ST05321"", ""ST05322"", ""ST05323"", ""ST05324"", ""ST05325""]",1.0,0.002122806626506546,illustrative_not_measured,"[0.8272879662705566, 0.8272879662705566]","Zhang et al., Appl. Phys. Lett. 108, 153102 (2016), Fig. 5 [V] non-gating","[0.0, 2.0]",-10.0
0,False,-14.280234892853368,"[[""orientation"", ""c_plane""], [""shape"", ""disc""], [""regime"", ""rectangular""], [""temperature_mode"", ""fixed_junction""], [""field_polarity"", 1], [""T_hs"", 230.0], [""cavity_reference_V_j_V"", 0.0], [""height_nm"", 3.0], [""radius_nm"", 10.0], [""x_in"", 0.25], [""top_radius_fraction"", 1.0], [""geometry_type"", ""isolated_dot""]]",incompatible,183.97227797648063,,rms_residual_meV,conditional_fixed_settings,not_quantified,0.5601698840539046,CT07865,"[""ST05332"", ""ST05333"", ""ST05334"", ""ST05335"", ""ST05336"", ""ST05337"", ""ST05338"", ""ST05339"", ""ST05340"", ""ST05341"", ""ST05342""]",0.0,0.19160071145628343,illustrative_not_measured,"[-14.280234892853368, -14.280234892853368]","Zhang et al., Appl. Phys. Lett. 108, 153102 (2016), Fig. 5 [V] non-gating","[0.0, 2.0]",-10.0
0,True,-10.57221037117655,"[[""orientation"", ""c_plane""], [""shape"", ""disc""], [""regime"", ""rectangular""], [""temperature_mode"", ""fixed_junction""], [""field_polarity"", 1], [""T_hs"", 230.0], [""cavity_reference_V_j_V"", 0.0], [""height_nm"", 3.0], [""radius_nm"", 10.0], [""x_in"", 0.25], [""top_radius_fraction"", 1.0], [""geometry_type"", ""isolated_dot""]]",compatible,183.97227797648063,,rms_residual_meV,conditional_fixed_settings,not_quantified,0.43275113263461945,CT07866,"[""ST05400"", ""ST05401"", ""ST05402"", ""ST05403"", ""ST05404"", ""ST05405"", ""ST05406"", ""ST05407"", ""ST05408"", ""ST05409"", ""ST05410""]",0.5,0.14769148454650782,illustrative_not_measured,"[-10.57221037117655, -10.57221037117655]","Zhang et al., Appl. Phys. Lett. 108, 153102 (2016), Fig. 5 [V] non-gating","[0.0, 2.0]",-10.0
0,False,2.913996937225937,"[[""orientation"", ""c_plane""], [""shape"", ""disc""], [""regime"", ""rectangular""], [""temperature_mode"", ""fixed_junction""], [""field_polarity"", 1], [""T_hs"", 230.0], [""cavity_reference_V_j_V"", 0.0], [""height_nm"", 3.0], [""radius_nm"", 10.0], [""x_in"", 0.25], [""top_radius_fraction"", 1.0], [""geometry_type"", ""isolated_dot""]]",incompatible,183.97227797648063,,rms_residual_meV,conditional_fixed_settings,not_quantified,0.0027335690232749084,CT07867,"[""ST05468"", ""ST05469"", ""ST05470"", ""ST05471"", ""ST05472"", ""ST05473"", ""ST05474"", ""ST05475"", ""ST05476"", ""ST05477"", ""ST05478""]",1.0,0.0060612849339869435,illustrative_not_measured,"[2.913996937225937, 2.913996937225937]","Zhang et al., Appl. Phys. Lett. 108, 153102 (2016), Fig. 5 [V] non-gating","[0.0, 2.0]",-10.0
0,False,-14.566106544341416,"[[""orientation"", ""c_plane""], [""shape"", ""disc""], [""regime"", ""rectangular""], [""temperature_mode"", ""fixed_junction""], [""field_polarity"", 1], [""T_hs"", 300.0], [""cavity_reference_V_j_V"", 0.0], [""height_nm"", 3.0], [""radius_nm"", 10.0], [""x_in"", 0.25], [""top_radius_fraction"", 1.0], [""geometry_type"", ""isolated_dot""]]",incompatible,189.8850097908102,,rms_residual_meV,conditional_fixed_settings,not_quantified,0.5916473212113874,CT07868,"[""ST05349"", ""ST05350"", ""ST05351"", ""ST05352"", ""ST05353"", ""ST05354"", ""ST05355"", ""ST05356"", ""ST05357"", ""ST05358"", ""ST05359""]",0.0,0.20915275377021914,illustrative_not_measured,"[-14.566106544341416, -14.566106544341416]","Zhang et al., Appl. Phys. Lett. 108, 153102 (2016), Fig. 5 [V] non-gating","[0.0, 2.0]",-10.0
0,True,-10.790224811281321,"[[""orientation"", ""c_plane""], [""shape"", ""disc""], [""regime"", ""rectangular""], [""temperature_mode"", ""fixed_junction""], [""field_polarity"", 1], [""T_hs"", 300.0], [""cavity_reference_V_j_V"", 0.0], [""height_nm"", 3.0], [""radius_nm"", 10.0], [""x_in"", 0.25], [""top_radius_fraction"", 1.0], [""geometry_type"", ""isolated_dot""]]",compatible,189.8850097908102,,rms_residual_meV,conditional_fixed_settings,not_quantified,0.4569475299202224,CT07869,"[""ST05417"", ""ST05418"", ""ST05419"", ""ST05420"", ""ST05421"", ""ST05422"", ""ST05423"", ""ST05424"", ""ST05425"", ""ST05426"", ""ST05427""]",0.5,0.16119211431137614,illustrative_not_measured,"[-10.790224811281321, -10.790224811281321]","Zhang et al., Appl. Phys. Lett. 108, 153102 (2016), Fig. 5 [V] non-gating","[0.0, 2.0]",-10.0
0,False,2.916771617742494,"[[""orientation"", ""c_plane""], [""shape"", ""disc""], [""regime"", ""rectangular""], [""temperature_mode"", ""fixed_junction""], [""field_polarity"", 1], [""T_hs"", 300.0], [""cavity_reference_V_j_V"", 0.0], [""height_nm"", 3.0], [""radius_nm"", 10.0], [""x_in"", 0.25], [""top_radius_fraction"", 1.0], [""geometry_type"", ""isolated_dot""]]",incompatible,189.8850097908102,,rms_residual_meV,conditional_fixed_settings,not_quantified,0.0035909764836145443,CT07870,"[""ST05485"", ""ST05486"", ""ST05487"", ""ST05488"", ""ST05489"", ""ST05490"", ""ST05491"", ""ST05492"", ""ST05493"", ""ST05494"", ""ST05495""]",1.0,0.0067078525765866814,illustrative_not_measured,"[2.916771617742494, 2.916771617742494]","Zhang et al., Appl. Phys. Lett. 108, 153102 (2016), Fig. 5 [V] non-gating","[0.0, 2.0]",-10.0
0,False,-14.280234892853368,"[[""orientation"", ""c_plane""], [""shape"", ""disc""], [""regime"", ""deterministic_pair""], [""temperature_mode"", ""fixed_junction""], [""field_polarity"", 1], [""T_hs"", 230.0], [""cavity_reference_V_j_V"", 0.0], [""height_nm"", 3.0], [""radius_nm"", 10.0], [""x_in"", 0.25], [""top_radius_fraction"", 1.0], [""geometry_type"", ""isolated_dot""]]",incompatible,183.97227797648063,,rms_residual_meV,conditional_fixed_settings,not_quantified,0.5601698840539046,CT07871,"[""ST05366"", ""ST05367"", ""ST05368"", ""ST05369"", ""ST05370"", ""ST05371"", ""ST05372"", ""ST05373"", ""ST05374"", ""ST05375"", ""ST05376""]",0.0,0.19160071145628343,illustrative_not_measured,"[-14.280234892853368, -14.280234892853368]","Zhang et al., Appl. Phys. Lett. 108, 153102 (2016), Fig. 5 [V] non-gating","[0.0, 2.0]",-10.0
0,True,-10.57221037117655,"[[""orientation"", ""c_plane""], [""shape"", ""disc""], [""regime"", ""deterministic_pair""], [""temperature_mode"", ""fixed_junction""], [""field_polarity"", 1], [""T_hs"", 230.0], [""cavity_reference_V_j_V"", 0.0], [""height_nm"", 3.0], [""radius_nm"", 10.0], [""x_in"", 0.25], [""top_radius_fraction"", 1.0], [""geometry_type"", ""isolated_dot""]]",compatible,183.97227797648063,,rms_residual_meV,conditional_fixed_settings,not_quantified,0.43275113263461945,CT07872,"[""ST05434"", ""ST05435"", ""ST05436"", ""ST05437"", ""ST05438"", ""ST05439"", ""ST05440"", ""ST05441"", ""ST05442"", ""ST05443"", ""ST05444""]",0.5,0.14769148454650782,illustrative_not_measured,"[-10.57221037117655, -10.57221037117655]","Zhang et al., Appl. Phys. Lett. 108, 153102 (2016), Fig. 5 [V] non-gating","[0.0, 2.0]",-10.0
0,False,2.913996937225937,"[[""orientation"", ""c_plane""], [""shape"", ""disc""], [""regime"", ""deterministic_pair""], [""temperature_mode"", ""fixed_junction""], [""field_polarity"", 1], [""T_hs"", 230.0], [""cavity_reference_V_j_V"", 0.0], [""height_nm"", 3.0], [""radius_nm"", 10.0], [""x_in"", 0.25], [""top_radius_fraction"", 1.0], [""geometry_type"", ""isolated_dot""]]",incompatible,183.97227797648063,,rms_residual_meV,conditional_fixed_settings,not_quantified,0.0027335690232749084,CT07873,"[""ST05502"", ""ST05503"", ""ST05504"", ""ST05505"", ""ST05506"", ""ST05507"", ""ST05508"", ""ST05509"", ""ST05510"", ""ST05511"", ""ST05512""]",1.0,0.0060612849339869435,illustrative_not_measured,"[2.913996937225937, 2.913996937225937]","Zhang et al., Appl. Phys. Lett. 108, 153102 (2016), Fig. 5 [V] non-gating","[0.0, 2.0]",-10.0
0,False,-14.566106544341416,"[[""orientation"", ""c_plane""], [""shape"", ""disc""], [""regime"", ""deterministic_pair""], [""temperature_mode"", ""fixed_junction""], [""field_polarity"", 1], [""T_hs"", 300.0], [""cavity_reference_V_j_V"", 0.0], [""height_nm"", 3.0], [""radius_nm"", 10.0], [""x_in"", 0.25], [""top_radius_fraction"", 1.0], [""geometry_type"", ""isolated_dot""]]",incompatible,189.8850097908102,,rms_residual_meV,conditional_fixed_settings,not_quantified,0.5916473212113874,CT07874,"[""ST05383"", ""ST05384"", ""ST05385"", ""ST05386"", ""ST05387"", ""ST05388"", ""ST05389"", ""ST05390"", ""ST05391"", ""ST05392"", ""ST05393""]",0.0,0.20915275377021914,illustrative_not_measured,"[-14.566106544341416, -14.566106544341416]","Zhang et al., Appl. Phys. Lett. 108, 153102 (2016), Fig. 5 [V] non-gating","[0.0, 2.0]",-10.0
0,True,-10.790224811281321,"[[""orientation"", ""c_plane""], [""shape"", ""disc""], [""regime"", ""deterministic_pair""], [""temperature_mode"", ""fixed_junction""], [""field_polarity"", 1], [""T_hs"", 300.0], [""cavity_reference_V_j_V"", 0.0], [""height_nm"", 3.0], [""radius_nm"", 10.0], [""x_in"", 0.25], [""top_radius_fraction"", 1.0], [""geometry_type"", ""isolated_dot""]]",compatible,189.8850097908102,,rms_residual_meV,conditional_fixed_settings,not_quantified,0.4569475299202224,CT07875,"[""ST05451"", ""ST05452"", ""ST05453"", ""ST05454"", ""ST05455"", ""ST05456"", ""ST05457"", ""ST05458"", ""ST05459"", ""ST05460"", ""ST05461""]",0.5,0.16119211431137614,illustrative_not_measured,"[-10.790224811281321, -10.790224811281321]","Zhang et al., Appl. Phys. Lett. 108, 153102 (2016), Fig. 5 [V] non-gating","[0.0, 2.0]",-10.0
0,False,2.916771617742494,"[[""orientation"", ""c_plane""], [""shape"", ""disc""], [""regime"", ""deterministic_pair""], [""temperature_mode"", ""fixed_junction""], [""field_polarity"", 1], [""T_hs"", 300.0], [""cavity_reference_V_j_V"", 0.0], [""height_nm"", 3.0], [""radius_nm"", 10.0], [""x_in"", 0.25], [""top_radius_fraction"", 1.0], [""geometry_type"", ""isolated_dot""]]",incompatible,189.8850097908102,,rms_residual_meV,conditional_fixed_settings,not_quantified,0.0035909764836145443,CT07876,"[""ST05519"", ""ST05520"", ""ST05521"", ""ST05522"", ""ST05523"", ""ST05524"", ""ST05525"", ""ST05526"", ""ST05527"", ""ST05528"", ""ST05529""]",1.0,0.0067078525765866814,illustrative_not_measured,"[2.916771617742494, 2.916771617742494]","Zhang et al., Appl. Phys. Lett. 108, 153102 (2016), Fig. 5 [V] non-gating","[0.0, 2.0]",-10.0
0,False,1.9087229266012233,"[[""orientation"", ""a_plane""], [""shape"", ""disc""], [""regime"", ""rectangular""], [""temperature_mode"", ""fixed_junction""], [""field_polarity"", 1], [""T_hs"", 230.0], [""cavity_reference_V_j_V"", 0.0], [""height_nm"", 3.0], [""radius_nm"", 10.0], [""x_in"", 0.25], [""top_radius_fraction"", 1.0], [""geometry_type"", ""isolated_dot""]]",incompatible,1.0,,rms_residual_meV,conditional_fixed_settings,not_quantified,0.010834449400165558,CT07877,"[""ST05536"", ""ST05537"", ""ST05538"", ""ST05539"", ""ST05540"", ""ST05541"", ""ST05542"", ""ST05543"", ""ST05544"", ""ST05545"", ""ST05546""]",0.0,0.004396661931030943,illustrative_not_measured,"[1.9087229266012233, 1.9087229266012233]","Zhang et al., Appl. Phys. Lett. 108, 153102 (2016), Fig. 5 [V] non-gating","[0.0, 2.0]",-10.0
0,False,1.9087229266012233,"[[""orientation"", ""a_plane""], [""shape"", ""disc""], [""regime"", ""rectangular""], [""temperature_mode"", ""fixed_junction""], [""field_polarity"", 1], [""T_hs"", 230.0], [""cavity_reference_V_j_V"", 0.0], [""height_nm"", 3.0], [""radius_nm"", 10.0], [""x_in"", 0.25], [""top_radius_fraction"", 1.0], [""geometry_type"", ""isolated_dot""]]",incompatible,1.0,,rms_residual_meV,conditional_fixed_settings,not_quantified,0.010834449400165558,CT07878,"[""ST05604"", ""ST05605"", ""ST05606"", ""ST05607"", ""ST05608"", ""ST05609"", ""ST05610"", ""ST05611"", ""ST05612"", ""ST05613"", ""ST05614""]",0.5,0.004396661931030943,illustrative_not_measured,"[1.9087229266012233, 1.9087229266012233]","Zhang et al., Appl. Phys. Lett. 108, 153102 (2016), Fig. 5 [V] non-gating","[0.0, 2.0]",-10.0
0,False,1.9087229266012233,"[[""orientation"", ""a_plane""], [""shape"", ""disc""], [""regime"", ""rectangular""], [""temperature_mode"", ""fixed_junction""], [""field_polarity"", 1], [""T_hs"", 230.0], [""cavity_reference_V_j_V"", 0.0], [""height_nm"", 3.0], [""radius_nm"", 10.0], [""x_in"", 0.25], [""top_radius_fraction"", 1.0], [""geometry_type"", ""isolated_dot""]]",incompatible,1.0,,rms_residual_meV,conditional_fixed_settings,not_quantified,0.010834449400165558,CT07879,"[""ST05672"", ""ST05673"", ""ST05674"", ""ST05675"", ""ST05676"", ""ST05677"", ""ST05678"", ""ST05679"", ""ST05680"", ""ST05681"", ""ST05682""]",1.0,0.004396661931030943,illustrative_not_measured,"[1.9087229266012233, 1.9087229266012233]","Zhang et al., Appl. Phys. Lett. 108, 153102 (2016), Fig. 5 [V] non-gating","[0.0, 2.0]",-10.0
0,False,1.907894279965107,"[[""orientation"", ""a_plane""], [""shape"", ""disc""], [""regime"", ""rectangular""], [""temperature_mode"", ""fixed_junction""], [""field_polarity"", 1], [""T_hs"", 300.0], [""cavity_reference_V_j_V"", 0.0], [""height_nm"", 3.0], [""radius_nm"", 10.0], [""x_in"", 0.25], [""top_radius_fraction"", 1.0], [""geometry_type"", ""isolated_dot""]]",incompatible,1.0,,rms_residual_meV,conditional_fixed_settings,not_quantified,0.011550584365706707,CT07880,"[""ST05553"", ""ST05554"", ""ST05555"", ""ST05556"", ""ST05557"", ""ST05558"", ""ST05559"", ""ST05560"", ""ST05561"", ""ST05562"", ""ST05563""]",0.0,0.004797944361867756,illustrative_not_measured,"[1.907894279965107, 1.907894279965107]","Zhang et al., Appl. Phys. Lett. 108, 153102 (2016), Fig. 5 [V] non-gating","[0.0, 2.0]",-10.0
0,False,1.907894279965107,"[[""orientation"", ""a_plane""], [""shape"", ""disc""], [""regime"", ""rectangular""], [""temperature_mode"", ""fixed_junction""], [""field_polarity"", 1], [""T_hs"", 300.0], [""cavity_reference_V_j_V"", 0.0], [""height_nm"", 3.0], [""radius_nm"", 10.0], [""x_in"", 0.25], [""top_radius_fraction"", 1.0], [""geometry_type"", ""isolated_dot""]]",incompatible,1.0,,rms_residual_meV,conditional_fixed_settings,not_quantified,0.011550584365706707,CT07881,"[""ST05621"", ""ST05622"", ""ST05623"", ""ST05624"", ""ST05625"", ""ST05626"", ""ST05627"", ""ST05628"", ""ST05629"", ""ST05630"", ""ST05631""]",0.5,0.004797944361867756,illustrative_not_measured,"[1.907894279965107, 1.907894279965107]","Zhang et al., Appl. Phys. Lett. 108, 153102 (2016), Fig. 5 [V] non-gating","[0.0, 2.0]",-10.0
0,False,1.907894279965107,"[[""orientation"", ""a_plane""], [""shape"", ""disc""], [""regime"", ""rectangular""], [""temperature_mode"", ""fixed_junction""], [""field_polarity"", 1], [""T_hs"", 300.0], [""cavity_reference_V_j_V"", 0.0], [""height_nm"", 3.0], [""radius_nm"", 10.0], [""x_in"", 0.25], [""top_radius_fraction"", 1.0], [""geometry_type"", ""isolated_dot""]]",incompatible,1.0,,rms_residual_meV,conditional_fixed_settings,not_quantified,0.011550584365706707,CT07882,"[""ST05689"", ""ST05690"", ""ST05691"", ""ST05692"", ""ST05693"", ""ST05694"", ""ST05695"", ""ST05696"", ""ST05697"", ""ST05698"", ""ST05699""]",1.0,0.004797944361867756,illustrative_not_measured,"[1.907894279965107, 1.907894279965107]","Zhang et al., Appl. Phys. Lett. 108, 153102 (2016), Fig. 5 [V] non-gating","[0.0, 2.0]",-10.0
0,False,1.9087229266012233,"[[""orientation"", ""a_plane""], [""shape"", ""disc""], [""regime"", ""deterministic_pair""], [""temperature_mode"", ""fixed_junction""], [""field_polarity"", 1], [""T_hs"", 230.0], [""cavity_reference_V_j_V"", 0.0], [""height_nm"", 3.0], [""radius_nm"", 10.0], [""x_in"", 0.25], [""top_radius_fraction"", 1.0], [""geometry_type"", ""isolated_dot""]]",incompatible,1.0,,rms_residual_meV,conditional_fixed_settings,not_quantified,0.010834449400165558,CT07883,"[""ST05570"", ""ST05571"", ""ST05572"", ""ST05573"", ""ST05574"", ""ST05575"", ""ST05576"", ""ST05577"", ""ST05578"", ""ST05579"", ""ST05580""]",0.0,0.004396661931030943,illustrative_not_measured,"[1.9087229266012233, 1.9087229266012233]","Zhang et al., Appl. Phys. Lett. 108, 153102 (2016), Fig. 5 [V] non-gating","[0.0, 2.0]",-10.0
0,False,1.9087229266012233,"[[""orientation"", ""a_plane""], [""shape"", ""disc""], [""regime"", ""deterministic_pair""], [""temperature_mode"", ""fixed_junction""], [""field_polarity"", 1], [""T_hs"", 230.0], [""cavity_reference_V_j_V"", 0.0], [""height_nm"", 3.0], [""radius_nm"", 10.0], [""x_in"", 0.25], [""top_radius_fraction"", 1.0], [""geometry_type"", ""isolated_dot""]]",incompatible,1.0,,rms_residual_meV,conditional_fixed_settings,not_quantified,0.010834449400165558,CT07884,"[""ST05638"", ""ST05639"", ""ST05640"", ""ST05641"", ""ST05642"", ""ST05643"", ""ST05644"", ""ST05645"", ""ST05646"", ""ST05647"", ""ST05648""]",0.5,0.004396661931030943,illustrative_not_measured,"[1.9087229266012233, 1.9087229266012233]","Zhang et al., Appl. Phys. Lett. 108, 153102 (2016), Fig. 5 [V] non-gating","[0.0, 2.0]",-10.0
0,False,1.9087229266012233,"[[""orientation"", ""a_plane""], [""shape"", ""disc""], [""regime"", ""deterministic_pair""], [""temperature_mode"", ""fixed_junction""], [""field_polarity"", 1], [""T_hs"", 230.0], [""cavity_reference_V_j_V"", 0.0], [""height_nm"", 3.0], [""radius_nm"", 10.0], [""x_in"", 0.25], [""top_radius_fraction"", 1.0], [""geometry_type"", ""isolated_dot""]]",incompatible,1.0,,rms_residual_meV,conditional_fixed_settings,not_quantified,0.010834449400165558,CT07885,"[""ST05706"", ""ST05707"", ""ST05708"", ""ST05709"", ""ST05710"", ""ST05711"", ""ST05712"", ""ST05713"", ""ST05714"", ""ST05715"", ""ST05716""]",1.0,0.004396661931030943,illustrative_not_measured,"[1.9087229266012233, 1.9087229266012233]","Zhang et al., Appl. Phys. Lett. 108, 153102 (2016), Fig. 5 [V] non-gating","[0.0, 2.0]",-10.0
0,False,1.907894279965107,"[[""orientation"", ""a_plane""], [""shape"", ""disc""], [""regime"", ""deterministic_pair""], [""temperature_mode"", ""fixed_junction""], [""field_polarity"", 1], [""T_hs"", 300.0], [""cavity_reference_V_j_V"", 0.0], [""height_nm"", 3.0], [""radius_nm"", 10.0], [""x_in"", 0.25], [""top_radius_fraction"", 1.0], [""geometry_type"", ""isolated_dot""]]",incompatible,1.0,,rms_residual_meV,conditional_fixed_settings,not_quantified,0.011550584365706707,CT07886,"[""ST05587"", ""ST05588"", ""ST05589"", ""ST05590"", ""ST05591"", ""ST05592"", ""ST05593"", ""ST05594"", ""ST05595"", ""ST05596"", ""ST05597""]",0.0,0.004797944361867756,illustrative_not_measured,"[1.907894279965107, 1.907894279965107]","Zhang et al., Appl. Phys. Lett. 108, 153102 (2016), Fig. 5 [V] non-gating","[0.0, 2.0]",-10.0
0,False,1.907894279965107,"[[""orientation"", ""a_plane""], [""shape"", ""disc""], [""regime"", ""deterministic_pair""], [""temperature_mode"", ""fixed_junction""], [""field_polarity"", 1], [""T_hs"", 300.0], [""cavity_reference_V_j_V"", 0.0], [""height_nm"", 3.0], [""radius_nm"", 10.0], [""x_in"", 0.25], [""top_radius_fraction"", 1.0], [""geometry_type"", ""isolated_dot""]]",incompatible,1.0,,rms_residual_meV,conditional_fixed_settings,not_quantified,0.011550584365706707,CT07887,"[""ST05655"", ""ST05656"", ""ST05657"", ""ST05658"", ""ST05659"", ""ST05660"", ""ST05661"", ""ST05662"", ""ST05663"", ""ST05664"", ""ST05665""]",0.5,0.004797944361867756,illustrative_not_measured,"[1.907894279965107, 1.907894279965107]","Zhang et al., Appl. Phys. Lett. 108, 153102 (2016), Fig. 5 [V] non-gating","[0.0, 2.0]",-10.0
0,False,1.907894279965107,"[[""orientation"", ""a_plane""], [""shape"", ""disc""], [""regime"", ""deterministic_pair""], [""temperature_mode"", ""fixed_junction""], [""field_polarity"", 1], [""T_hs"", 300.0], [""cavity_reference_V_j_V"", 0.0], [""height_nm"", 3.0], [""radius_nm"", 10.0], [""x_in"", 0.25], [""top_radius_fraction"", 1.0], [""geometry_type"", ""isolated_dot""]]",incompatible,1.0,,rms_residual_meV,conditional_fixed_settings,not_quantified,0.011550584365706707,CT07888,"[""ST05723"", ""ST05724"", ""ST05725"", ""ST05726"", ""ST05727"", ""ST05728"", ""ST05729"", ""ST05730"", ""ST05731"", ""ST05732"", ""ST05733""]",1.0,0.004797944361867756,illustrative_not_measured,"[1.907894279965107, 1.907894279965107]","Zhang et al., Appl. Phys. Lett. 108, 153102 (2016), Fig. 5 [V] non-gating","[0.0, 2.0]",-10.0
0,False,-25.998279984399044,"[[""orientation"", ""c_plane""], [""shape"", ""disc""], [""regime"", ""rectangular""], [""temperature_mode"", ""fixed_junction""], [""field_polarity"", 1], [""T_hs"", 230.0], [""cavity_reference_V_j_V"", 0.0], [""height_nm"", 5.0], [""radius_nm"", 10.0], [""x_in"", 0.25], [""top_radius_fraction"", 1.0], [""geometry_type"", ""isolated_dot""]]",incompatible,244821.64054942058,,rms_residual_meV,conditional_fixed_settings,not_quantified,1.009036567269186,CT07889,"[""ST05740"", ""ST05741"", ""ST05742"", ""ST05743"", ""ST05744"", ""ST05745"", ""ST05746"", ""ST05747"", ""ST05748"", ""ST05749"", ""ST05750""]",0.0,0.3452258529164638,illustrative_not_measured,"[-25.998279984399044, -25.998279984399044]","Zhang et al., Appl. Phys. Lett. 108, 153102 (2016), Fig. 5 [V] non-gating","[0.0, 2.0]",-10.0
0,False,-22.075551861270053,"[[""orientation"", ""c_plane""], [""shape"", ""disc""], [""regime"", ""rectangular""], [""temperature_mode"", ""fixed_junction""], [""field_polarity"", 1], [""T_hs"", 230.0], [""cavity_reference_V_j_V"", 0.0], [""height_nm"", 5.0], [""radius_nm"", 10.0], [""x_in"", 0.25], [""top_radius_fraction"", 1.0], [""geometry_type"", ""isolated_dot""]]",incompatible,244821.64054942058,,rms_residual_meV,conditional_fixed_settings,not_quantified,0.8771302631649245,CT07890,"[""ST05808"", ""ST05809"", ""ST05810"", ""ST05811"", ""ST05812"", ""ST05813"", ""ST05814"", ""ST05815"", ""ST05816"", ""ST05817"", ""ST05818""]",0.5,0.299535315344464,illustrative_not_measured,"[-22.075551861270053, -22.075551861270053]","Zhang et al., Appl. Phys. Lett. 108, 153102 (2016), Fig. 5 [V] non-gating","[0.0, 2.0]",-10.0
0,False,9.799281832362297,"[[""orientation"", ""c_plane""], [""shape"", ""disc""], [""regime"", ""rectangular""], [""temperature_mode"", ""fixed_junction""], [""field_polarity"", 1], [""T_hs"", 230.0], [""cavity_reference_V_j_V"", 0.0], [""height_nm"", 5.0], [""radius_nm"", 10.0], [""x_in"", 0.25], [""top_radius_fraction"", 1.0], [""geometry_type"", ""isolated_dot""]]",incompatible,244821.64054942058,,rms_residual_meV,conditional_fixed_settings,not_quantified,0.126125043914324,CT07891,"[""ST05876"", ""ST05877"", ""ST05878"", ""ST05879"", ""ST05880"", ""ST05881"", ""ST05882"", ""ST05883"", ""ST05884"", ""ST05885"", ""ST05886""]",1.0,-0.016814506784342598,illustrative_not_measured,"[9.799281832362297, 9.799281832362297]","Zhang et al., Appl. Phys. Lett. 108, 153102 (2016), Fig. 5 [V] non-gating","[0.0, 2.0]",-10.0
0,False,-26.487283750222723,"[[""orientation"", ""c_plane""], [""shape"", ""disc""], [""regime"", ""rectangular""], [""temperature_mode"", ""fixed_junction""], [""field_polarity"", 1], [""T_hs"", 300.0], [""cavity_reference_V_j_V"", 0.0], [""height_nm"", 5.0], [""radius_nm"", 10.0], [""x_in"", 0.25], [""top_radius_fraction"", 1.0], [""geometry_type"", ""isolated_dot""]]",incompatible,258954.62351782143,,rms_residual_meV,conditional_fixed_settings,not_quantified,1.0646949139893251,CT07892,"[""ST05757"", ""ST05758"", ""ST05759"", ""ST05760"", ""ST05761"", ""ST05762"", ""ST05763"", ""ST05764"", ""ST05765"", ""ST05766"", ""ST05767""]",0.0,0.376479228486847,illustrative_not_measured,"[-26.487283750222723, -26.487283750222723]","Zhang et al., Appl. Phys. Lett. 108, 153102 (2016), Fig. 5 [V] non-gating","[0.0, 2.0]",-10.0
0,False,-22.4964971796329,"[[""orientation"", ""c_plane""], [""shape"", ""disc""], [""regime"", ""rectangular""], [""temperature_mode"", ""fixed_junction""], [""field_polarity"", 1], [""T_hs"", 300.0], [""cavity_reference_V_j_V"", 0.0], [""height_nm"", 5.0], [""radius_nm"", 10.0], [""x_in"", 0.25], [""top_radius_fraction"", 1.0], [""geometry_type"", ""isolated_dot""]]",incompatible,258954.62351782143,,rms_residual_meV,conditional_fixed_settings,not_quantified,0.9252542513563036,CT07893,"[""ST05825"", ""ST05826"", ""ST05827"", ""ST05828"", ""ST05829"", ""ST05830"", ""ST05831"", ""ST05832"", ""ST05833"", ""ST05834"", ""ST05835""]",0.5,0.3265872102948464,illustrative_not_measured,"[-22.4964971796329, -22.4964971796329]","Zhang et al., Appl. Phys. Lett. 108, 153102 (2016), Fig. 5 [V] non-gating","[0.0, 2.0]",-10.0
0,False,9.863237150755594,"[[""orientation"", ""c_plane""], [""shape"", ""disc""], [""regime"", ""rectangular""], [""temperature_mode"", ""fixed_junction""], [""field_polarity"", 1], [""T_hs"", 300.0], [""cavity_reference_V_j_V"", 0.0], [""height_nm"", 5.0], [""radius_nm"", 10.0], [""x_in"", 0.25], [""top_radius_fraction"", 1.0], [""geometry_type"", ""isolated_dot""]]",incompatible,258954.62351782143,,rms_residual_meV,conditional_fixed_settings,not_quantified,0.12828510354134742,CT07894,"[""ST05893"", ""ST05894"", ""ST05895"", ""ST05896"", ""ST05897"", ""ST05898"", ""ST05899"", ""ST05900"", ""ST05901"", ""ST05902"", ""ST05903""]",1.0,-0.01658903584689142,illustrative_not_measured,"[9.863237150755594, 9.863237150755594]","Zhang et al., Appl. Phys. Lett. 108, 153102 (2016), Fig. 5 [V] non-gating","[0.0, 2.0]",-10.0
0,False,-25.998279984399044,"[[""orientation"", ""c_plane""], [""shape"", ""disc""], [""regime"", ""deterministic_pair""], [""temperature_mode"", ""fixed_junction""], [""field_polarity"", 1], [""T_hs"", 230.0], [""cavity_reference_V_j_V"", 0.0], [""height_nm"", 5.0], [""radius_nm"", 10.0], [""x_in"", 0.25], [""top_radius_fraction"", 1.0], [""geometry_type"", ""isolated_dot""]]",incompatible,244821.64054942058,,rms_residual_meV,conditional_fixed_settings,not_quantified,1.009036567269186,CT07895,"[""ST05774"", ""ST05775"", ""ST05776"", ""ST05777"", ""ST05778"", ""ST05779"", ""ST05780"", ""ST05781"", ""ST05782"", ""ST05783"", ""ST05784""]",0.0,0.3452258529164638,illustrative_not_measured,"[-25.998279984399044, -25.998279984399044]","Zhang et al., Appl. Phys. Lett. 108, 153102 (2016), Fig. 5 [V] non-gating","[0.0, 2.0]",-10.0
0,False,-22.075551861270053,"[[""orientation"", ""c_plane""], [""shape"", ""disc""], [""regime"", ""deterministic_pair""], [""temperature_mode"", ""fixed_junction""], [""field_polarity"", 1], [""T_hs"", 230.0], [""cavity_reference_V_j_V"", 0.0], [""height_nm"", 5.0], [""radius_nm"", 10.0], [""x_in"", 0.25], [""top_radius_fraction"", 1.0], [""geometry_type"", ""isolated_dot""]]",incompatible,244821.64054942058,,rms_residual_meV,conditional_fixed_settings,not_quantified,0.8771302631649245,CT07896,"[""ST05842"", ""ST05843"", ""ST05844"", ""ST05845"", ""ST05846"", ""ST05847"", ""ST05848"", ""ST05849"", ""ST05850"", ""ST05851"", ""ST05852""]",0.5,0.299535315344464,illustrative_not_measured,"[-22.075551861270053, -22.075551861270053]","Zhang et al., Appl. Phys. Lett. 108, 153102 (2016), Fig. 5 [V] non-gating","[0.0, 2.0]",-10.0
0,False,9.799281832362297,"[[""orientation"", ""c_plane""], [""shape"", ""disc""], [""regime"", ""deterministic_pair""], [""temperature_mode"", ""fixed_junction""], [""field_polarity"", 1], [""T_hs"", 230.0], [""cavity_reference_V_j_V"", 0.0], [""height_nm"", 5.0], [""radius_nm"", 10.0], [""x_in"", 0.25], [""top_radius_fraction"", 1.0], [""geometry_type"", ""isolated_dot""]]",incompatible,244821.64054942058,,rms_residual_meV,conditional_fixed_settings,not_quantified,0.126125043914324,CT07897,"[""ST05910"", ""ST05911"", ""ST05912"", ""ST05913"", ""ST05914"", ""ST05915"", ""ST05916"", ""ST05917"", ""ST05918"", ""ST05919"", ""ST05920""]",1.0,-0.016814506784342598,illustrative_not_measured,"[9.799281832362297, 9.799281832362297]","Zhang et al., Appl. Phys. Lett. 108, 153102 (2016), Fig. 5 [V] non-gating","[0.0, 2.0]",-10.0
0,False,-26.487283750222723,"[[""orientation"", ""c_plane""], [""shape"", ""disc""], [""regime"", ""deterministic_pair""], [""temperature_mode"", ""fixed_junction""], [""field_polarity"", 1], [""T_hs"", 300.0], [""cavity_reference_V_j_V"", 0.0], [""height_nm"", 5.0], [""radius_nm"", 10.0], [""x_in"", 0.25], [""top_radius_fraction"", 1.0], [""geometry_type"", ""isolated_dot""]]",incompatible,258954.62351782143,,rms_residual_meV,conditional_fixed_settings,not_quantified,1.0646949139893251,CT07898,"[""ST05791"", ""ST05792"", ""ST05793"", ""ST05794"", ""ST05795"", ""ST05796"", ""ST05797"", ""ST05798"", ""ST05799"", ""ST05800"", ""ST05801""]",0.0,0.376479228486847,illustrative_not_measured,"[-26.487283750222723, -26.487283750222723]","Zhang et al., Appl. Phys. Lett. 108, 153102 (2016), Fig. 5 [V] non-gating","[0.0, 2.0]",-10.0
0,False,-22.4964971796329,"[[""orientation"", ""c_plane""], [""shape"", ""disc""], [""regime"", ""deterministic_pair""], [""temperature_mode"", ""fixed_junction""], [""field_polarity"", 1], [""T_hs"", 300.0], [""cavity_reference_V_j_V"", 0.0], [""height_nm"", 5.0], [""radius_nm"", 10.0], [""x_in"", 0.25], [""top_radius_fraction"", 1.0], [""geometry_type"", ""isolated_dot""]]",incompatible,258954.62351782143,,rms_residual_meV,conditional_fixed_settings,not_quantified,0.9252542513563036,CT07899,"[""ST05859"", ""ST05860"", ""ST05861"", ""ST05862"", ""ST05863"", ""ST05864"", ""ST05865"", ""ST05866"", ""ST05867"", ""ST05868"", ""ST05869""]",0.5,0.3265872102948464,illustrative_not_measured,"[-22.4964971796329, -22.4964971796329]","Zhang et al., Appl. Phys. Lett. 108, 153102 (2016), Fig. 5 [V] non-gating","[0.0, 2.0]",-10.0
0,False,9.863237150755594,"[[""orientation"", ""c_plane""], [""shape"", ""disc""], [""regime"", ""deterministic_pair""], [""temperature_mode"", ""fixed_junction""], [""field_polarity"", 1], [""T_hs"", 300.0], [""cavity_reference_V_j_V"", 0.0], [""height_nm"", 5.0], [""radius_nm"", 10.0], [""x_in"", 0.25], [""top_radius_fraction"", 1.0], [""geometry_type"", ""isolated_dot""]]",incompatible,258954.62351782143,,rms_residual_meV,conditional_fixed_settings,not_quantified,0.12828510354134742,CT07900,"[""ST05927"", ""ST05928"", ""ST05929"", ""ST05930"", ""ST05931"", ""ST05932"", ""ST05933"", ""ST05934"", ""ST05935"", ""ST05936"", ""ST05937""]",1.0,-0.01658903584689142,illustrative_not_measured,"[9.863237150755594, 9.863237150755594]","Zhang et al., Appl. Phys. Lett. 108, 153102 (2016), Fig. 5 [V] non-gating","[0.0, 2.0]",-10.0
0,False,7.0266499055474005,"[[""orientation"", ""a_plane""], [""shape"", ""disc""], [""regime"", ""rectangular""], [""temperature_mode"", ""fixed_junction""], [""field_polarity"", 1], [""T_hs"", 230.0], [""cavity_reference_V_j_V"", 0.0], [""height_nm"", 5.0], [""radius_nm"", 10.0], [""x_in"", 0.25], [""top_radius_fraction"", 1.0], [""geometry_type"", ""isolated_dot""]]",incompatible,1.0,,rms_residual_meV,conditional_fixed_settings,not_quantified,0.008710524992843954,CT07901,"[""ST05944"", ""ST05945"", ""ST05946"", ""ST05947"", ""ST05948"", ""ST05949"", ""ST05950"", ""ST05951"", ""ST05952"", ""ST05953"", ""ST05954""]",0.0,0.013345979562702226,illustrative_not_measured,"[7.0266499055474005, 7.0266499055474005]","Zhang et al., Appl. Phys. Lett. 108, 153102 (2016), Fig. 5 [V] non-gating","[0.0, 2.0]",-10.0
0,False,7.0266499055474005,"[[""orientation"", ""a_plane""], [""shape"", ""disc""], [""regime"", ""rectangular""], [""temperature_mode"", ""fixed_junction""], [""field_polarity"", 1], [""T_hs"", 230.0], [""cavity_reference_V_j_V"", 0.0], [""height_nm"", 5.0], [""radius_nm"", 10.0], [""x_in"", 0.25], [""top_radius_fraction"", 1.0], [""geometry_type"", ""isolated_dot""]]",incompatible,1.0,,rms_residual_meV,conditional_fixed_settings,not_quantified,0.008710524992843954,CT07902,"[""ST06012"", ""ST06013"", ""ST06014"", ""ST06015"", ""ST06016"", ""ST06017"", ""ST06018"", ""ST06019"", ""ST06020"", ""ST06021"", ""ST06022""]",0.5,0.013345979562702226,illustrative_not_measured,"[7.0266499055474005, 7.0266499055474005]","Zhang et al., Appl. Phys. Lett. 108, 153102 (2016), Fig. 5 [V] non-gating","[0.0, 2.0]",-10.0
0,False,7.0266499055474005,"[[""orientation"", ""a_plane""], [""shape"", ""disc""], [""regime"", ""rectangular""], [""temperature_mode"", ""fixed_junction""], [""field_polarity"", 1], [""T_hs"", 230.0], [""cavity_reference_V_j_V"", 0.0], [""height_nm"", 5.0], [""radius_nm"", 10.0], [""x_in"", 0.25], [""top_radius_fraction"", 1.0], [""geometry_type"", ""isolated_dot""]]",incompatible,1.0,,rms_residual_meV,conditional_fixed_settings,not_quantified,0.008710524992843954,CT07903,"[""ST06080"", ""ST06081"", ""ST06082"", ""ST06083"", ""ST06084"", ""ST06085"", ""ST06086"", ""ST06087"", ""ST06088"", ""ST06089"", ""ST06090""]",1.0,0.013345979562702226,illustrative_not_measured,"[7.0266499055474005, 7.0266499055474005]","Zhang et al., Appl. Phys. Lett. 108, 153102 (2016), Fig. 5 [V] non-gating","[0.0, 2.0]",-10.0
0,False,7.03811544411174,"[[""orientation"", ""a_plane""], [""shape"", ""disc""], [""regime"", ""rectangular""], [""temperature_mode"", ""fixed_junction""], [""field_polarity"", 1], [""T_hs"", 300.0], [""cavity_reference_V_j_V"", 0.0], [""height_nm"", 5.0], [""radius_nm"", 10.0], [""x_in"", 0.25], [""top_radius_fraction"", 1.0], [""geometry_type"", ""isolated_dot""]]",incompatible,1.0,,rms_residual_meV,conditional_fixed_settings,not_quantified,0.007345214493789171,CT07904,"[""ST05961"", ""ST05962"", ""ST05963"", ""ST05964"", ""ST05965"", ""ST05966"", ""ST05967"", ""ST05968"", ""ST05969"", ""ST05970"", ""ST05971""]",0.0,0.01495301781396563,illustrative_not_measured,"[7.03811544411174, 7.03811544411174]","Zhang et al., Appl. Phys. Lett. 108, 153102 (2016), Fig. 5 [V] non-gating","[0.0, 2.0]",-10.0
0,False,7.03811544411174,"[[""orientation"", ""a_plane""], [""shape"", ""disc""], [""regime"", ""rectangular""], [""temperature_mode"", ""fixed_junction""], [""field_polarity"", 1], [""T_hs"", 300.0], [""cavity_reference_V_j_V"", 0.0], [""height_nm"", 5.0], [""radius_nm"", 10.0], [""x_in"", 0.25], [""top_radius_fraction"", 1.0], [""geometry_type"", ""isolated_dot""]]",incompatible,1.0,,rms_residual_meV,conditional_fixed_settings,not_quantified,0.007345214493789171,CT07905,"[""ST06029"", ""ST06030"", ""ST06031"", ""ST06032"", ""ST06033"", ""ST06034"", ""ST06035"", ""ST06036"", ""ST06037"", ""ST06038"", ""ST06039""]",0.5,0.01495301781396563,illustrative_not_measured,"[7.03811544411174, 7.03811544411174]","Zhang et al., Appl. Phys. Lett. 108, 153102 (2016), Fig. 5 [V] non-gating","[0.0, 2.0]",-10.0
0,False,7.03811544411174,"[[""orientation"", ""a_plane""], [""shape"", ""disc""], [""regime"", ""rectangular""], [""temperature_mode"", ""fixed_junction""], [""field_polarity"", 1], [""T_hs"", 300.0], [""cavity_reference_V_j_V"", 0.0], [""height_nm"", 5.0], [""radius_nm"", 10.0], [""x_in"", 0.25], [""top_radius_fraction"", 1.0], [""geometry_type"", ""isolated_dot""]]",incompatible,1.0,,rms_residual_meV,conditional_fixed_settings,not_quantified,0.007345214493789171,CT07906,"[""ST06097"", ""ST06098"", ""ST06099"", ""ST06100"", ""ST06101"", ""ST06102"", ""ST06103"", ""ST06104"", ""ST06105"", ""ST06106"", ""ST06107""]",1.0,0.01495301781396563,illustrative_not_measured,"[7.03811544411174, 7.03811544411174]","Zhang et al., Appl. Phys. Lett. 108, 153102 (2016), Fig. 5 [V] non-gating","[0.0, 2.0]",-10.0
0,False,7.0266499055474005,"[[""orientation"", ""a_plane""], [""shape"", ""disc""], [""regime"", ""deterministic_pair""], [""temperature_mode"", ""fixed_junction""], [""field_polarity"", 1], [""T_hs"", 230.0], [""cavity_reference_V_j_V"", 0.0], [""height_nm"", 5.0], [""radius_nm"", 10.0], [""x_in"", 0.25], [""top_radius_fraction"", 1.0], [""geometry_type"", ""isolated_dot""]]",incompatible,1.0,,rms_residual_meV,conditional_fixed_settings,not_quantified,0.008710524992843954,CT07907,"[""ST05978"", ""ST05979"", ""ST05980"", ""ST05981"", ""ST05982"", ""ST05983"", ""ST05984"", ""ST05985"", ""ST05986"", ""ST05987"", ""ST05988""]",0.0,0.013345979562702226,illustrative_not_measured,"[7.0266499055474005, 7.0266499055474005]","Zhang et al., Appl. Phys. Lett. 108, 153102 (2016), Fig. 5 [V] non-gating","[0.0, 2.0]",-10.0
0,False,7.0266499055474005,"[[""orientation"", ""a_plane""], [""shape"", ""disc""], [""regime"", ""deterministic_pair""], [""temperature_mode"", ""fixed_junction""], [""field_polarity"", 1], [""T_hs"", 230.0], [""cavity_reference_V_j_V"", 0.0], [""height_nm"", 5.0], [""radius_nm"", 10.0], [""x_in"", 0.25], [""top_radius_fraction"", 1.0], [""geometry_type"", ""isolated_dot""]]",incompatible,1.0,,rms_residual_meV,conditional_fixed_settings,not_quantified,0.008710524992843954,CT07908,"[""ST06046"", ""ST06047"", ""ST06048"", ""ST06049"", ""ST06050"", ""ST06051"", ""ST06052"", ""ST06053"", ""ST06054"", ""ST06055"", ""ST06056""]",0.5,0.013345979562702226,illustrative_not_measured,"[7.0266499055474005, 7.0266499055474005]","Zhang et al., Appl. Phys. Lett. 108, 153102 (2016), Fig. 5 [V] non-gating","[0.0, 2.0]",-10.0
0,False,7.0266499055474005,"[[""orientation"", ""a_plane""], [""shape"", ""disc""], [""regime"", ""deterministic_pair""], [""temperature_mode"", ""fixed_junction""], [""field_polarity"", 1], [""T_hs"", 230.0], [""cavity_reference_V_j_V"", 0.0], [""height_nm"", 5.0], [""radius_nm"", 10.0], [""x_in"", 0.25], [""top_radius_fraction"", 1.0], [""geometry_type"", ""isolated_dot""]]",incompatible,1.0,,rms_residual_meV,conditional_fixed_settings,not_quantified,0.008710524992843954,CT07909,"[""ST06114"", ""ST06115"", ""ST06116"", ""ST06117"", ""ST06118"", ""ST06119"", ""ST06120"", ""ST06121"", ""ST06122"", ""ST06123"", ""ST06124""]",1.0,0.013345979562702226,illustrative_not_measured,"[7.0266499055474005, 7.0266499055474005]","Zhang et al., Appl. Phys. Lett. 108, 153102 (2016), Fig. 5 [V] non-gating","[0.0, 2.0]",-10.0
0,False,7.03811544411174,"[[""orientation"", ""a_plane""], [""shape"", ""disc""], [""regime"", ""deterministic_pair""], [""temperature_mode"", ""fixed_junction""], [""field_polarity"", 1], [""T_hs"", 300.0], [""cavity_reference_V_j_V"", 0.0], [""height_nm"", 5.0], [""radius_nm"", 10.0], [""x_in"", 0.25], [""top_radius_fraction"", 1.0], [""geometry_type"", ""isolated_dot""]]",incompatible,1.0,,rms_residual_meV,conditional_fixed_settings,not_quantified,0.007345214493789171,CT07910,"[""ST05995"", ""ST05996"", ""ST05997"", ""ST05998"", ""ST05999"", ""ST06000"", ""ST06001"", ""ST06002"", ""ST06003"", ""ST06004"", ""ST06005""]",0.0,0.01495301781396563,illustrative_not_measured,"[7.03811544411174, 7.03811544411174]","Zhang et al., Appl. Phys. Lett. 108, 153102 (2016), Fig. 5 [V] non-gating","[0.0, 2.0]",-10.0
0,False,7.03811544411174,"[[""orientation"", ""a_plane""], [""shape"", ""disc""], [""regime"", ""deterministic_pair""], [""temperature_mode"", ""fixed_junction""], [""field_polarity"", 1], [""T_hs"", 300.0], [""cavity_reference_V_j_V"", 0.0], [""height_nm"", 5.0], [""radius_nm"", 10.0], [""x_in"", 0.25], [""top_radius_fraction"", 1.0], [""geometry_type"", ""isolated_dot""]]",incompatible,1.0,,rms_residual_meV,conditional_fixed_settings,not_quantified,0.007345214493789171,CT07911,"[""ST06063"", ""ST06064"", ""ST06065"", ""ST06066"", ""ST06067"", ""ST06068"", ""ST06069"", ""ST06070"", ""ST06071"", ""ST06072"", ""ST06073""]",0.5,0.01495301781396563,illustrative_not_measured,"[7.03811544411174, 7.03811544411174]","Zhang et al., Appl. Phys. Lett. 108, 153102 (2016), Fig. 5 [V] non-gating","[0.0, 2.0]",-10.0
0,False,7.03811544411174,"[[""orientation"", ""a_plane""], [""shape"", ""disc""], [""regime"", ""deterministic_pair""], [""temperature_mode"", ""fixed_junction""], [""field_polarity"", 1], [""T_hs"", 300.0], [""cavity_reference_V_j_V"", 0.0], [""height_nm"", 5.0], [""radius_nm"", 10.0], [""x_in"", 0.25], [""top_radius_fraction"", 1.0], [""geometry_type"", ""isolated_dot""]]",incompatible,1.0,,rms_residual_meV,conditional_fixed_settings,not_quantified,0.007345214493789171,CT07912,"[""ST06131"", ""ST06132"", ""ST06133"", ""ST06134"", ""ST06135"", ""ST06136"", ""ST06137"", ""ST06138"", ""ST06139"", ""ST06140"", ""ST06141""]",1.0,0.01495301781396563,illustrative_not_measured,"[7.03811544411174, 7.03811544411174]","Zhang et al., Appl. Phys. Lett. 108, 153102 (2016), Fig. 5 [V] non-gating","[0.0, 2.0]",-10.0
0,False,14.848597009785738,"[[""orientation"", ""c_plane""], [""shape"", ""disc""], [""regime"", ""rectangular""], [""temperature_mode"", ""fixed_junction""], [""field_polarity"", -1], [""T_hs"", 230.0], [""cavity_reference_V_j_V"", 0.0], [""height_nm"", 3.0], [""radius_nm"", 10.0], [""x_in"", 0.25], [""top_radius_fraction"", 1.0], [""geometry_type"", ""isolated_dot""]]",incompatible,505.5247168262211,,rms_residual_meV,conditional_fixed_settings,not_quantified,0.5565217170983672,CT07913,"[""ST06148"", ""ST06149"", ""ST06150"", ""ST06151"", ""ST06152"", ""ST06153"", ""ST06154"", ""ST06155"", ""ST06156"", ""ST06157"", ""ST06158""]",0.0,-0.19035687265624013,illustrative_not_measured,"[14.848597009785738, 14.848597009785738]","Zhang et al., Appl. Phys. Lett. 108, 153102 (2016), Fig. 5 [V] non-gating","[0.0, 2.0]",-10.0
0,False,11.70270178860679,"[[""orientation"", ""c_plane""], [""shape"", ""disc""], [""regime"", ""rectangular""], [""temperature_mode"", ""fixed_junction""], [""field_polarity"", -1], [""T_hs"", 230.0], [""cavity_reference_V_j_V"", 0.0], [""height_nm"", 3.0], [""radius_nm"", 10.0], [""x_in"", 0.25], [""top_radius_fraction"", 1.0], [""geometry_type"", ""isolated_dot""]]",incompatible,505.5247168262211,,rms_residual_meV,conditional_fixed_settings,not_quantified,0.42520328618726955,CT07914,"[""ST06216"", ""ST06217"", ""ST06218"", ""ST06219"", ""ST06220"", ""ST06221"", ""ST06222"", ""ST06223"", ""ST06224"", ""ST06225"", ""ST06226""]",0.5,-0.1452364706200644,illustrative_not_measured,"[11.70270178860679, 11.70270178860679]","Zhang et al., Appl. Phys. Lett. 108, 153102 (2016), Fig. 5 [V] non-gating","[0.0, 2.0]",-10.0
0,False,2.9139969372319516,"[[""orientation"", ""c_plane""], [""shape"", ""disc""], [""regime"", ""rectangular""], [""temperature_mode"", ""fixed_junction""], [""field_polarity"", -1], [""T_hs"", 230.0], [""cavity_reference_V_j_V"", 0.0], [""height_nm"", 3.0], [""radius_nm"", 10.0], [""x_in"", 0.25], [""top_radius_fraction"", 1.0], [""geometry_type"", ""isolated_dot""]]",incompatible,505.5247168262211,,rms_residual_meV,conditional_fixed_settings,not_quantified,0.002733569024160669,CT07915,"[""ST06284"", ""ST06285"", ""ST06286"", ""ST06287"", ""ST06288"", ""ST06289"", ""ST06290"", ""ST06291"", ""ST06292"", ""ST06293"", ""ST06294""]",1.0,0.006061284938430944,illustrative_not_measured,"[2.9139969372319516, 2.9139969372319516]","Zhang et al., Appl. Phys. Lett. 108, 153102 (2016), Fig. 5 [V] non-gating","[0.0, 2.0]",-10.0
0,False,15.134606073436832,"[[""orientation"", ""c_plane""], [""shape"", ""disc""], [""regime"", ""rectangular""], [""temperature_mode"", ""fixed_junction""], [""field_polarity"", -1], [""T_hs"", 300.0], [""cavity_reference_V_j_V"", 0.0], [""height_nm"", 3.0], [""radius_nm"", 10.0], [""x_in"", 0.25], [""top_radius_fraction"", 1.0], [""geometry_type"", ""isolated_dot""]]",incompatible,519.0477284042572,,rms_residual_meV,conditional_fixed_settings,not_quantified,0.5877931564755243,CT07916,"[""ST06165"", ""ST06166"", ""ST06167"", ""ST06168"", ""ST06169"", ""ST06170"", ""ST06171"", ""ST06172"", ""ST06173"", ""ST06174"", ""ST06175""]",0.0,-0.20779381835729005,illustrative_not_measured,"[15.134606073436832, 15.134606073436832]","Zhang et al., Appl. Phys. Lett. 108, 153102 (2016), Fig. 5 [V] non-gating","[0.0, 2.0]",-10.0
0,False,11.920306870444577,"[[""orientation"", ""c_plane""], [""shape"", ""disc""], [""regime"", ""rectangular""], [""temperature_mode"", ""fixed_junction""], [""field_polarity"", -1], [""T_hs"", 300.0], [""cavity_reference_V_j_V"", 0.0], [""height_nm"", 3.0], [""radius_nm"", 10.0], [""x_in"", 0.25], [""top_radius_fraction"", 1.0], [""geometry_type"", ""isolated_dot""]]",incompatible,519.0477284042572,,rms_residual_meV,conditional_fixed_settings,not_quantified,0.44899234794708975,CT07917,"[""ST06233"", ""ST06234"", ""ST06235"", ""ST06236"", ""ST06237"", ""ST06238"", ""ST06239"", ""ST06240"", ""ST06241"", ""ST06242"", ""ST06243""]",0.5,-0.15851087286564614,illustrative_not_measured,"[11.920306870444577, 11.920306870444577]","Zhang et al., Appl. Phys. Lett. 108, 153102 (2016), Fig. 5 [V] non-gating","[0.0, 2.0]",-10.0
0,False,2.9167716177429694,"[[""orientation"", ""c_plane""], [""shape"", ""disc""], [""regime"", ""rectangular""], [""temperature_mode"", ""fixed_junction""], [""field_polarity"", -1], [""T_hs"", 300.0], [""cavity_reference_V_j_V"", 0.0], [""height_nm"", 3.0], [""radius_nm"", 10.0], [""x_in"", 0.25], [""top_radius_fraction"", 1.0], [""geometry_type"", ""isolated_dot""]]",incompatible,519.0477284042572,,rms_residual_meV,conditional_fixed_settings,not_quantified,0.0035909764836260234,CT07918,"[""ST06301"", ""ST06302"", ""ST06303"", ""ST06304"", ""ST06305"", ""ST06306"", ""ST06307"", ""ST06308"", ""ST06309"", ""ST06310"", ""ST06311""]",1.0,0.006707852577930051,illustrative_not_measured,"[2.9167716177429694, 2.9167716177429694]","Zhang et al., Appl. Phys. Lett. 108, 153102 (2016), Fig. 5 [V] non-gating","[0.0, 2.0]",-10.0
0,False,14.848597009785738,"[[""orientation"", ""c_plane""], [""shape"", ""disc""], [""regime"", ""deterministic_pair""], [""temperature_mode"", ""fixed_junction""], [""field_polarity"", -1], [""T_hs"", 230.0], [""cavity_reference_V_j_V"", 0.0], [""height_nm"", 3.0], [""radius_nm"", 10.0], [""x_in"", 0.25], [""top_radius_fraction"", 1.0], [""geometry_type"", ""isolated_dot""]]",incompatible,505.5247168262211,,rms_residual_meV,conditional_fixed_settings,not_quantified,0.5565217170983672,CT07919,"[""ST06182"", ""ST06183"", ""ST06184"", ""ST06185"", ""ST06186"", ""ST06187"", ""ST06188"", ""ST06189"", ""ST06190"", ""ST06191"", ""ST06192""]",0.0,-0.19035687265624013,illustrative_not_measured,"[14.848597009785738, 14.848597009785738]","Zhang et al., Appl. Phys. Lett. 108, 153102 (2016), Fig. 5 [V] non-gating","[0.0, 2.0]",-10.0
0,False,11.70270178860679,"[[""orientation"", ""c_plane""], [""shape"", ""disc""], [""regime"", ""deterministic_pair""], [""temperature_mode"", ""fixed_junction""], [""field_polarity"", -1], [""T_hs"", 230.0], [""cavity_reference_V_j_V"", 0.0], [""height_nm"", 3.0], [""radius_nm"", 10.0], [""x_in"", 0.25], [""top_radius_fraction"", 1.0], [""geometry_type"", ""isolated_dot""]]",incompatible,505.5247168262211,,rms_residual_meV,conditional_fixed_settings,not_quantified,0.42520328618726955,CT07920,"[""ST06250"", ""ST06251"", ""ST06252"", ""ST06253"", ""ST06254"", ""ST06255"", ""ST06256"", ""ST06257"", ""ST06258"", ""ST06259"", ""ST06260""]",0.5,-0.1452364706200644,illustrative_not_measured,"[11.70270178860679, 11.70270178860679]","Zhang et al., Appl. Phys. Lett. 108, 153102 (2016), Fig. 5 [V] non-gating","[0.0, 2.0]",-10.0
0,False,2.9139969372319516,"[[""orientation"", ""c_plane""], [""shape"", ""disc""], [""regime"", ""deterministic_pair""], [""temperature_mode"", ""fixed_junction""], [""field_polarity"", -1], [""T_hs"", 230.0], [""cavity_reference_V_j_V"", 0.0], [""height_nm"", 3.0], [""radius_nm"", 10.0], [""x_in"", 0.25], [""top_radius_fraction"", 1.0], [""geometry_type"", ""isolated_dot""]]",incompatible,505.5247168262211,,rms_residual_meV,conditional_fixed_settings,not_quantified,0.002733569024160669,CT07921,"[""ST06318"", ""ST06319"", ""ST06320"", ""ST06321"", ""ST06322"", ""ST06323"", ""ST06324"", ""ST06325"", ""ST06326"", ""ST06327"", ""ST06328""]",1.0,0.006061284938430944,illustrative_not_measured,"[2.9139969372319516, 2.9139969372319516]","Zhang et al., Appl. Phys. Lett. 108, 153102 (2016), Fig. 5 [V] non-gating","[0.0, 2.0]",-10.0
0,False,15.134606073436832,"[[""orientation"", ""c_plane""], [""shape"", ""disc""], [""regime"", ""deterministic_pair""], [""temperature_mode"", ""fixed_junction""], [""field_polarity"", -1], [""T_hs"", 300.0], [""cavity_reference_V_j_V"", 0.0], [""height_nm"", 3.0], [""radius_nm"", 10.0], [""x_in"", 0.25], [""top_radius_fraction"", 1.0], [""geometry_type"", ""isolated_dot""]]",incompatible,519.0477284042572,,rms_residual_meV,conditional_fixed_settings,not_quantified,0.5877931564755243,CT07922,"[""ST06199"", ""ST06200"", ""ST06201"", ""ST06202"", ""ST06203"", ""ST06204"", ""ST06205"", ""ST06206"", ""ST06207"", ""ST06208"", ""ST06209""]",0.0,-0.20779381835729005,illustrative_not_measured,"[15.134606073436832, 15.134606073436832]","Zhang et al., Appl. Phys. Lett. 108, 153102 (2016), Fig. 5 [V] non-gating","[0.0, 2.0]",-10.0
0,False,11.920306870444577,"[[""orientation"", ""c_plane""], [""shape"", ""disc""], [""regime"", ""deterministic_pair""], [""temperature_mode"", ""fixed_junction""], [""field_polarity"", -1], [""T_hs"", 300.0], [""cavity_reference_V_j_V"", 0.0], [""height_nm"", 3.0], [""radius_nm"", 10.0], [""x_in"", 0.25], [""top_radius_fraction"", 1.0], [""geometry_type"", ""isolated_dot""]]",incompatible,519.0477284042572,,rms_residual_meV,conditional_fixed_settings,not_quantified,0.44899234794708975,CT07923,"[""ST06267"", ""ST06268"", ""ST06269"", ""ST06270"", ""ST06271"", ""ST06272"", ""ST06273"", ""ST06274"", ""ST06275"", ""ST06276"", ""ST06277""]",0.5,-0.15851087286564614,illustrative_not_measured,"[11.920306870444577, 11.920306870444577]","Zhang et al., Appl. Phys. Lett. 108, 153102 (2016), Fig. 5 [V] non-gating","[0.0, 2.0]",-10.0
0,False,2.9167716177429694,"[[""orientation"", ""c_plane""], [""shape"", ""disc""], [""regime"", ""deterministic_pair""], [""temperature_mode"", ""fixed_junction""], [""field_polarity"", -1], [""T_hs"", 300.0], [""cavity_reference_V_j_V"", 0.0], [""height_nm"", 3.0], [""radius_nm"", 10.0], [""x_in"", 0.25], [""top_radius_fraction"", 1.0], [""geometry_type"", ""isolated_dot""]]",incompatible,519.0477284042572,,rms_residual_meV,conditional_fixed_settings,not_quantified,0.0035909764836260234,CT07924,"[""ST06335"", ""ST06336"", ""ST06337"", ""ST06338"", ""ST06339"", ""ST06340"", ""ST06341"", ""ST06342"", ""ST06343"", ""ST06344"", ""ST06345""]",1.0,0.006707852577930051,illustrative_not_measured,"[2.9167716177429694, 2.9167716177429694]","Zhang et al., Appl. Phys. Lett. 108, 153102 (2016), Fig. 5 [V] non-gating","[0.0, 2.0]",-10.0
0,False,1.9087229266076104,"[[""orientation"", ""a_plane""], [""shape"", ""disc""], [""regime"", ""rectangular""], [""temperature_mode"", ""fixed_junction""], [""field_polarity"", -1], [""T_hs"", 230.0], [""cavity_reference_V_j_V"", 0.0], [""height_nm"", 3.0], [""radius_nm"", 10.0], [""x_in"", 0.25], [""top_radius_fraction"", 1.0], [""geometry_type"", ""isolated_dot""]]",incompatible,1.0,,rms_residual_meV,conditional_fixed_settings,not_quantified,0.010834449400873032,CT07925,"[""ST06352"", ""ST06353"", ""ST06354"", ""ST06355"", ""ST06356"", ""ST06357"", ""ST06358"", ""ST06359"", ""ST06360"", ""ST06361"", ""ST06362""]",0.0,0.004396661930100798,illustrative_not_measured,"[1.9087229266076104, 1.9087229266076104]","Zhang et al., Appl. Phys. Lett. 108, 153102 (2016), Fig. 5 [V] non-gating","[0.0, 2.0]",-10.0
0,False,1.9087229266076104,"[[""orientation"", ""a_plane""], [""shape"", ""disc""], [""regime"", ""rectangular""], [""temperature_mode"", ""fixed_junction""], [""field_polarity"", -1], [""T_hs"", 230.0], [""cavity_reference_V_j_V"", 0.0], [""height_nm"", 3.0], [""radius_nm"", 10.0], [""x_in"", 0.25], [""top_radius_fraction"", 1.0], [""geometry_type"", ""isolated_dot""]]",incompatible,1.0,,rms_residual_meV,conditional_fixed_settings,not_quantified,0.010834449400873032,CT07926,"[""ST06420"", ""ST06421"", ""ST06422"", ""ST06423"", ""ST06424"", ""ST06425"", ""ST06426"", ""ST06427"", ""ST06428"", ""ST06429"", ""ST06430""]",0.5,0.004396661930100798,illustrative_not_measured,"[1.9087229266076104, 1.9087229266076104]","Zhang et al., Appl. Phys. Lett. 108, 153102 (2016), Fig. 5 [V] non-gating","[0.0, 2.0]",-10.0
0,False,1.9087229266076104,"[[""orientation"", ""a_plane""], [""shape"", ""disc""], [""regime"", ""rectangular""], [""temperature_mode"", ""fixed_junction""], [""field_polarity"", -1], [""T_hs"", 230.0], [""cavity_reference_V_j_V"", 0.0], [""height_nm"", 3.0], [""radius_nm"", 10.0], [""x_in"", 0.25], [""top_radius_fraction"", 1.0], [""geometry_type"", ""isolated_dot""]]",incompatible,1.0,,rms_residual_meV,conditional_fixed_settings,not_quantified,0.010834449400873032,CT07927,"[""ST06488"", ""ST06489"", ""ST06490"", ""ST06491"", ""ST06492"", ""ST06493"", ""ST06494"", ""ST06495"", ""ST06496"", ""ST06497"", ""ST06498""]",1.0,0.004396661930100798,illustrative_not_measured,"[1.9087229266076104, 1.9087229266076104]","Zhang et al., Appl. Phys. Lett. 108, 153102 (2016), Fig. 5 [V] non-gating","[0.0, 2.0]",-10.0
0,False,1.9078942799664713,"[[""orientation"", ""a_plane""], [""shape"", ""disc""], [""regime"", ""rectangular""], [""temperature_mode"", ""fixed_junction""], [""field_polarity"", -1], [""T_hs"", 300.0], [""cavity_reference_V_j_V"", 0.0], [""height_nm"", 3.0], [""radius_nm"", 10.0], [""x_in"", 0.25], [""top_radius_fraction"", 1.0], [""geometry_type"", ""isolated_dot""]]",incompatible,1.0,,rms_residual_meV,conditional_fixed_settings,not_quantified,0.011550584366158106,CT07928,"[""ST06369"", ""ST06370"", ""ST06371"", ""ST06372"", ""ST06373"", ""ST06374"", ""ST06375"", ""ST06376"", ""ST06377"", ""ST06378"", ""ST06379""]",0.0,0.004797944365050988,illustrative_not_measured,"[1.9078942799664713, 1.9078942799664713]","Zhang et al., Appl. Phys. Lett. 108, 153102 (2016), Fig. 5 [V] non-gating","[0.0, 2.0]",-10.0
0,False,1.9078942799664713,"[[""orientation"", ""a_plane""], [""shape"", ""disc""], [""regime"", ""rectangular""], [""temperature_mode"", ""fixed_junction""], [""field_polarity"", -1], [""T_hs"", 300.0], [""cavity_reference_V_j_V"", 0.0], [""height_nm"", 3.0], [""radius_nm"", 10.0], [""x_in"", 0.25], [""top_radius_fraction"", 1.0], [""geometry_type"", ""isolated_dot""]]",incompatible,1.0,,rms_residual_meV,conditional_fixed_settings,not_quantified,0.011550584366158106,CT07929,"[""ST06437"", ""ST06438"", ""ST06439"", ""ST06440"", ""ST06441"", ""ST06442"", ""ST06443"", ""ST06444"", ""ST06445"", ""ST06446"", ""ST06447""]",0.5,0.004797944365050988,illustrative_not_measured,"[1.9078942799664713, 1.9078942799664713]","Zhang et al., Appl. Phys. Lett. 108, 153102 (2016), Fig. 5 [V] non-gating","[0.0, 2.0]",-10.0
0,False,1.9078942799664713,"[[""orientation"", ""a_plane""], [""shape"", ""disc""], [""regime"", ""rectangular""], [""temperature_mode"", ""fixed_junction""], [""field_polarity"", -1], [""T_hs"", 300.0], [""cavity_reference_V_j_V"", 0.0], [""height_nm"", 3.0], [""radius_nm"", 10.0], [""x_in"", 0.25], [""top_radius_fraction"", 1.0], [""geometry_type"", ""isolated_dot""]]",incompatible,1.0,,rms_residual_meV,conditional_fixed_settings,not_quantified,0.011550584366158106,CT07930,"[""ST06505"", ""ST06506"", ""ST06507"", ""ST06508"", ""ST06509"", ""ST06510"", ""ST06511"", ""ST06512"", ""ST06513"", ""ST06514"", ""ST06515""]",1.0,0.004797944365050988,illustrative_not_measured,"[1.9078942799664713, 1.9078942799664713]","Zhang et al., Appl. Phys. Lett. 108, 153102 (2016), Fig. 5 [V] non-gating","[0.0, 2.0]",-10.0
0,False,1.9087229266076104,"[[""orientation"", ""a_plane""], [""shape"", ""disc""], [""regime"", ""deterministic_pair""], [""temperature_mode"", ""fixed_junction""], [""field_polarity"", -1], [""T_hs"", 230.0], [""cavity_reference_V_j_V"", 0.0], [""height_nm"", 3.0], [""radius_nm"", 10.0], [""x_in"", 0.25], [""top_radius_fraction"", 1.0], [""geometry_type"", ""isolated_dot""]]",incompatible,1.0,,rms_residual_meV,conditional_fixed_settings,not_quantified,0.010834449400873032,CT07931,"[""ST06386"", ""ST06387"", ""ST06388"", ""ST06389"", ""ST06390"", ""ST06391"", ""ST06392"", ""ST06393"", ""ST06394"", ""ST06395"", ""ST06396""]",0.0,0.004396661930100798,illustrative_not_measured,"[1.9087229266076104, 1.9087229266076104]","Zhang et al., Appl. Phys. Lett. 108, 153102 (2016), Fig. 5 [V] non-gating","[0.0, 2.0]",-10.0
0,False,1.9087229266076104,"[[""orientation"", ""a_plane""], [""shape"", ""disc""], [""regime"", ""deterministic_pair""], [""temperature_mode"", ""fixed_junction""], [""field_polarity"", -1], [""T_hs"", 230.0], [""cavity_reference_V_j_V"", 0.0], [""height_nm"", 3.0], [""radius_nm"", 10.0], [""x_in"", 0.25], [""top_radius_fraction"", 1.0], [""geometry_type"", ""isolated_dot""]]",incompatible,1.0,,rms_residual_meV,conditional_fixed_settings,not_quantified,0.010834449400873032,CT07932,"[""ST06454"", ""ST06455"", ""ST06456"", ""ST06457"", ""ST06458"", ""ST06459"", ""ST06460"", ""ST06461"", ""ST06462"", ""ST06463"", ""ST06464""]",0.5,0.004396661930100798,illustrative_not_measured,"[1.9087229266076104, 1.9087229266076104]","Zhang et al., Appl. Phys. Lett. 108, 153102 (2016), Fig. 5 [V] non-gating","[0.0, 2.0]",-10.0
0,False,1.9087229266076104,"[[""orientation"", ""a_plane""], [""shape"", ""disc""], [""regime"", ""deterministic_pair""], [""temperature_mode"", ""fixed_junction""], [""field_polarity"", -1], [""T_hs"", 230.0], [""cavity_reference_V_j_V"", 0.0], [""height_nm"", 3.0], [""radius_nm"", 10.0], [""x_in"", 0.25], [""top_radius_fraction"", 1.0], [""geometry_type"", ""isolated_dot""]]",incompatible,1.0,,rms_residual_meV,conditional_fixed_settings,not_quantified,0.010834449400873032,CT07933,"[""ST06522"", ""ST06523"", ""ST06524"", ""ST06525"", ""ST06526"", ""ST06527"", ""ST06528"", ""ST06529"", ""ST06530"", ""ST06531"", ""ST06532""]",1.0,0.004396661930100798,illustrative_not_measured,"[1.9087229266076104, 1.9087229266076104]","Zhang et al., Appl. Phys. Lett. 108, 153102 (2016), Fig. 5 [V] non-gating","[0.0, 2.0]",-10.0
0,False,1.9078942799664713,"[[""orientation"", ""a_plane""], [""shape"", ""disc""], [""regime"", ""deterministic_pair""], [""temperature_mode"", ""fixed_junction""], [""field_polarity"", -1], [""T_hs"", 300.0], [""cavity_reference_V_j_V"", 0.0], [""height_nm"", 3.0], [""radius_nm"", 10.0], [""x_in"", 0.25], [""top_radius_fraction"", 1.0], [""geometry_type"", ""isolated_dot""]]",incompatible,1.0,,rms_residual_meV,conditional_fixed_settings,not_quantified,0.011550584366158106,CT07934,"[""ST06403"", ""ST06404"", ""ST06405"", ""ST06406"", ""ST06407"", ""ST06408"", ""ST06409"", ""ST06410"", ""ST06411"", ""ST06412"", ""ST06413""]",0.0,0.004797944365050988,illustrative_not_measured,"[1.9078942799664713, 1.9078942799664713]","Zhang et al., Appl. Phys. Lett. 108, 153102 (2016), Fig. 5 [V] non-gating","[0.0, 2.0]",-10.0
0,False,1.9078942799664713,"[[""orientation"", ""a_plane""], [""shape"", ""disc""], [""regime"", ""deterministic_pair""], [""temperature_mode"", ""fixed_junction""], [""field_polarity"", -1], [""T_hs"", 300.0], [""cavity_reference_V_j_V"", 0.0], [""height_nm"", 3.0], [""radius_nm"", 10.0], [""x_in"", 0.25], [""top_radius_fraction"", 1.0], [""geometry_type"", ""isolated_dot""]]",incompatible,1.0,,rms_residual_meV,conditional_fixed_settings,not_quantified,0.011550584366158106,CT07935,"[""ST06471"", ""ST06472"", ""ST06473"", ""ST06474"", ""ST06475"", ""ST06476"", ""ST06477"", ""ST06478"", ""ST06479"", ""ST06480"", ""ST06481""]",0.5,0.004797944365050988,illustrative_not_measured,"[1.9078942799664713, 1.9078942799664713]","Zhang et al., Appl. Phys. Lett. 108, 153102 (2016), Fig. 5 [V] non-gating","[0.0, 2.0]",-10.0
0,False,1.9078942799664713,"[[""orientation"", ""a_plane""], [""shape"", ""disc""], [""regime"", ""deterministic_pair""], [""temperature_mode"", ""fixed_junction""], [""field_polarity"", -1], [""T_hs"", 300.0], [""cavity_reference_V_j_V"", 0.0], [""height_nm"", 3.0], [""radius_nm"", 10.0], [""x_in"", 0.25], [""top_radius_fraction"", 1.0], [""geometry_type"", ""isolated_dot""]]",incompatible,1.0,,rms_residual_meV,conditional_fixed_settings,not_quantified,0.011550584366158106,CT07936,"[""ST06539"", ""ST06540"", ""ST06541"", ""ST06542"", ""ST06543"", ""ST06544"", ""ST06545"", ""ST06546"", ""ST06547"", ""ST06548"", ""ST06549""]",1.0,0.004797944365050988,illustrative_not_measured,"[1.9078942799664713, 1.9078942799664713]","Zhang et al., Appl. Phys. Lett. 108, 153102 (2016), Fig. 5 [V] non-gating","[0.0, 2.0]",-10.0
