T_K,detuning_meV
10.0,19.369652128764294
11.457286432160805,19.351208885175943
12.914572864321608,19.32321324856745
14.371859296482413,19.285856460238506
15.829145728643216,19.239324690399016
17.28643216080402,19.183799205147565
18.743718592964825,19.119456526895505
20.201005025125628,19.046468588534758
21.65829145728643,18.965002881632167
23.115577889447238,18.875222598917716
24.57286432160804,18.777286771323176
26.030150753768844,18.671350399810606
27.48743718592965,18.557564582222685
28.944723618090453,18.43607663537017
30.402010050251256,18.3070302125663
31.859296482412063,18.170565416804287
33.31658291457286,18.026818909763655
34.77386934673367,17.875924016825362
36.231155778894475,17.71801082826552
37.688442211055275,17.553206296786694
39.14572864321608,17.38163433154316
40.60301507537689,17.203415888804805
42.06030150753769,17.018669059397862
43.517587939698494,16.827509153059637
44.9748743718593,16.630048779827654
46.4321608040201,16.426397928589466
47.88944723618091,16.216664042904448
49.34673366834171,16.00095209420993
50.80402010050251,15.779364652513506
52.26130653266332,15.55200195467532
53.718592964824126,15.318961970372191
55.175879396984925,15.080340465836839
56.63316582914573,14.83623106545906
58.09045226130654,14.586725311331428
59.54773869346734,14.331912720819684
61.005025125628144,14.071880842233764
62.46231155778895,13.806715308670503
63.91959798994975,13.536499890102416
65.37688442211055,13.26131654377205
66.83417085427136,12.98124546296231
68.29145728643216,12.696365124197584
69.74874371859298,12.406752332941862
71.20603015075378,12.112482267839786
72.66331658291458,11.813628523563269
74.12060301507537,11.510263152309186
75.57788944723619,11.20245670399922
77.03517587939699,10.890278265230924
78.49246231155779,10.573795497020866
79.9497487437186,10.253074671386253
81.4070351758794,9.928180706806566
82.8643216080402,9.599177202603615
84.32160804020101,9.266126472278868
85.77889447236181,8.929089575846039
87.23618090452261,8.588126351190661
88.69346733668343,8.243295444495313
90.15075376884423,7.894654339759333
91.60804020100502,7.542259387445238
93.06532663316584,7.186165832281599
94.52261306532664,6.826427840253002
95.97989949748744,6.46309852480198
97.43718592964825,6.096229972271772
98.89447236180905,5.725873266614112
100.35175879396985,5.352078513386482
101.80904522613066,4.97489486306546
103.26633165829146,4.594370533694159
104.72361809045226,4.210552832889958
106.18090452261308,3.8234881792307274
107.63819095477388,3.433222123042201
109.09547738693468,3.0397993666029244
110.55276381909549,2.6432637837907613
112.01005025125629,2.243658439181395
113.46733668341709,1.8410256066254682
114.9246231155779,1.4354067873127985
116.3819095477387,1.026842727345434
117.8391959798995,0.6153734348322004
119.29648241206031,0.20103819652317334
120.75376884422111,-0.2161244060074896
122.21105527638191,-0.6360764806085939
123.66834170854273,-1.0587808092217266
125.12562814070353,-1.4842008329583045
126.58291457286433,-1.9123006375696416
128.04020100502515,-2.343044939301153
129.49748743718595,-2.7763990711171527
130.95477386934675,-3.2123289692849166
132.41206030150755,-3.650801160307582
133.86934673366835,-4.091782748194772
135.32663316582915,-4.53524140206274
136.78391959798995,-4.981145344050919
138.24120603015075,-5.429463337547347
139.69849246231158,-5.880164675715616
141.15577889447238,-6.333219170309379
142.61306532663318,-6.788597140772179
144.07035175879398,-7.246269403608174
145.52763819095478,-7.706207262021092
146.98492462311557,-8.168382495809867
148.4422110552764,-8.63276735151608
149.8994974874372,-9.099334532813419
151.356783919598,-9.56805719113496
152.8140703517588,-10.038908916529365
154.2713567839196,-10.511863728740023
155.7286432160804,-10.986896068502228
157.18592964824123,-11.463980789049755
158.64321608040203,-11.943093147827044
160.10050251256283,-12.424208798399228
161.55778894472363,-12.907303782557777
163.01507537688443,-13.39235452261156
164.47236180904522,-13.879337813863746
165.92964824120605,-14.368230817263239
167.38693467336685,-14.859011052233084
168.84422110552765,-15.35165638966296
170.30150753768845,-15.846145045067539
171.75879396984925,-16.34245557190517
173.21608040201005,-16.840566855047978
174.67336683417088,-17.340458104406984
176.13065326633168,-17.842108848699525
177.58793969849248,-18.345498929363657
179.04522613065328,-18.850608494608068
180.50251256281408,-19.357417993598915
181.95979899497488,-19.865908170778603
183.4170854271357,-20.376060060312227
184.8743718592965,-20.88785498065837
186.3316582914573,-21.401274529262658
187.7889447236181,-21.916300577369483
189.2462311557789,-22.432915264947837
190.7035175879397,-22.951100995731277
192.16080402010053,-23.470840432366693
193.61809045226133,-23.992116491669215
195.07537688442213,-24.514912339981265
196.53266331658293,-25.039211388634186
197.98994974874373,-25.56499728950712
199.44723618090453,-26.09225393068182
200.90452261306532,-26.62096543219361
202.36180904522615,-27.151116141870936
203.81909547738695,-27.682690631265938
205.27638190954775,-28.21567369167188
206.73366834170855,-28.75005033022382
208.19095477386935,-29.28580576608453
209.64824120603015,-29.822925426708167
211.10552763819098,-30.361394944185214
212.56281407035178,-30.901200151662422
214.02010050251258,-31.442327079838293
215.47738693467338,-31.984761953532058
216.93467336683418,-32.52849118832302
218.39195979899498,-33.0735013872594
219.8492462311558,-33.61977933763627
221.3065326633166,-34.16731200783918
222.7638190954774,-34.71608654425107
224.2211055276382,-35.266090268224694
225.678391959799,-35.81731067311544
227.1356783919598,-36.369735421373676
228.59296482412063,-36.92335234169697
230.05025125628143,-37.478149426239504
231.50753768844223,-38.03411482787733
232.96482412060303,-38.59123685752719
234.42211055276383,-39.149503981521946
235.87939698492463,-39.70890481903422
237.33668341708545,-40.269428139554144
238.79396984924625,-40.8310628604156
240.25125628140705,-41.393798044370826
241.70854271356785,-41.9576228972145
243.16582914572865,-42.52252676545076
244.62311557788945,-43.088499134009915
246.08040201005028,-43.655529624006206
247.53768844221108,-44.22360799054026
248.99497487437188,-44.792724120544804
250.45226130653268,-45.362868030669915
251.90954773869348,-45.93402986521045
253.36683417085428,-46.506199894072566
254.8241206030151,-47.07936851077821
256.2814070351759,-47.653526230509115
257.7386934673367,-48.22866368818657
259.1959798994975,-48.80477163658759
260.6532663316583,-49.38184094449727
262.1105527638191,-49.95986259489471
263.5678391959799,-50.53882768317397
265.0251256281407,-51.11872741539747
266.4824120603015,-51.69955310658247
267.93969849246236,-52.28129617901756
269.39698492462315,-52.86394816061346
270.85427135678395,-53.44750068328041
272.31155778894475,-54.03194548133894
273.76884422110555,-54.61727438995645
275.22613065326635,-55.203479343615136
276.68341708542715,-55.79055237460562
278.14070351758795,-56.3784856115499
279.59798994974875,-56.96727127794831
281.05527638190955,-57.55690169075578
282.51256281407035,-58.14736925898156
283.96984924623115,-58.73866648231419
285.427135678392,-59.330785949772476
286.8844221105528,-59.92372033837889
288.3417085427136,-60.51746241185696
289.7989949748744,-61.112005019352544
291.2562814070352,-61.70734109417708
292.713567839196,-62.30346365257189
294.1708542713568,-62.900365792496245
295.6281407035176,-63.498040692435474
297.0854271356784,-64.09648161022963
298.5427135678392,-64.69568188192353
300.0,-65.29563492063484
